date,BEST_EPS,BEST_PE_RATIO,bbgTicker
2016-01-04,4711.372,6.399,000660 KS Equity
2016-01-11,4621.034,6.2,000660 KS Equity
2016-01-18,4460.646,5.986,000660 KS Equity
2016-01-25,4333.412,6.461,000660 KS Equity
2016-02-01,3742.24,7.589,000660 KS Equity
2016-02-08,3747.975,7.508,000660 KS Equity
2016-02-15,3757.608,7.372,000660 KS Equity
2016-02-22,3741.511,7.991,000660 KS Equity
2016-02-29,3732.15,8.038,000660 KS Equity
2016-03-07,3724.35,8.565,000660 KS Equity
2016-03-14,3619.85,8.384,000660 KS Equity
2016-03-21,3545.871,8.334,000660 KS Equity
2016-03-28,3440.285,8.299,000660 KS Equity
2016-04-04,3283.175,8.498,000660 KS Equity
2016-04-11,3117.781,8.708,000660 KS Equity
2016-04-18,3059.925,8.889,000660 KS Equity
2016-04-25,3071.269,8.954,000660 KS Equity
2016-05-02,2762.568,10.081,000660 KS Equity
2016-05-09,2772.554,9.287,000660 KS Equity
2016-05-16,2776.352,9.401,000660 KS Equity
2016-05-23,2774.184,9.805,000660 KS Equity
2016-05-30,2773.387,10.457,000660 KS Equity
2016-06-06,2728.138,10.129,000660 KS Equity
2016-06-13,2738.577,10.352,000660 KS Equity
2016-06-20,2693.08,11.158,000660 KS Equity
2016-06-27,2682.879,11.946,000660 KS Equity
2016-07-04,2712.229,12.075,000660 KS Equity
2016-07-11,2700.984,11.848,000660 KS Equity
2016-07-18,2708.994,12.089,000660 KS Equity
2016-07-25,2718.398,11.956,000660 KS Equity
2016-08-01,2684.859,12.98,000660 KS Equity
2016-08-08,2696.407,12.962,000660 KS Equity
2016-08-15,2701.178,12.732,000660 KS Equity
2016-08-22,2712.642,13.271,000660 KS Equity
2016-08-29,2749.876,13.182,000660 KS Equity
2016-09-05,2785.034,13.465,000660 KS Equity
2016-09-12,2904.984,12.737,000660 KS Equity
2016-09-19,3016.729,12.994,000660 KS Equity
2016-09-26,3272.616,12.07,000660 KS Equity
2016-10-03,3498.369,11.955,000660 KS Equity
2016-10-10,3705.364,11.146,000660 KS Equity
2016-10-17,3756.945,11.259,000660 KS Equity
2016-10-24,3812.557,10.531,000660 KS Equity
2016-10-31,4422.35,9.271,000660 KS Equity
2016-11-07,4497.062,9.228,000660 KS Equity
2016-11-14,4540.99,8.743,000660 KS Equity
2016-11-21,4598.427,8.862,000660 KS Equity
2016-11-28,4744.33,8.979,000660 KS Equity
2016-12-05,4874.184,9.109,000660 KS Equity
2016-12-12,5032.737,9.001,000660 KS Equity
2016-12-19,5258.005,8.587,000660 KS Equity
2016-12-26,5429.319,8.408,000660 KS Equity
2017-01-02,5615.998,8.155,000660 KS Equity
2017-01-09,5863.85,8.45,000660 KS Equity
2017-01-16,6309.611,7.813,000660 KS Equity
2017-01-23,6560.564,7.743,000660 KS Equity
2017-01-30,8652.33,6.617,000660 KS Equity
2017-02-06,8887.705,6.042,000660 KS Equity
2017-02-13,9039.688,5.609,000660 KS Equity
2017-02-20,9220.788,5.412,000660 KS Equity
2017-02-27,9214.604,4.992,000660 KS Equity
2017-03-06,9215.716,5.355,000660 KS Equity
2017-03-13,9250.56,5.513,000660 KS Equity
2017-03-20,9443.468,5.041,000660 KS Equity
2017-03-27,9701.088,5.226,000660 KS Equity
2017-04-03,9881.749,5.242,000660 KS Equity
2017-04-10,9999.777,4.9,000660 KS Equity
2017-04-17,10082.651,4.88,000660 KS Equity
2017-04-24,10231.228,5.122,000660 KS Equity
2017-05-01,11577.639,4.673,000660 KS Equity
2017-05-08,11642.193,4.887,000660 KS Equity
2017-05-15,11617.988,4.786,000660 KS Equity
2017-05-22,11621.144,4.819,000660 KS Equity
2017-05-29,11633.587,4.977,000660 KS Equity
2017-06-05,11620.956,4.827,000660 KS Equity
2017-06-12,11741.734,4.897,000660 KS Equity
2017-06-19,12024.281,5.223,000660 KS Equity
2017-06-26,12394.603,5.446,000660 KS Equity
2017-07-03,12634.848,5.247,000660 KS Equity
2017-07-10,12962.533,5.192,000660 KS Equity
2017-07-17,13036.592,5.462,000660 KS Equity
2017-07-24,13033.827,5.601,000660 KS Equity
2017-07-31,14095.26,4.682,000660 KS Equity
2017-08-07,14240.891,4.501,000660 KS Equity
2017-08-14,14278.748,4.559,000660 KS Equity
2017-08-21,14239.976,4.719,000660 KS Equity
2017-08-28,14243.063,4.767,000660 KS Equity
2017-09-04,14269.967,4.772,000660 KS Equity
2017-09-11,14334.631,5.148,000660 KS Equity
2017-09-18,14710.946,5.418,000660 KS Equity
2017-09-25,15066.404,5.728,000660 KS Equity
2017-10-02,15134.031,5.479,000660 KS Equity
2017-10-09,15264.805,,000660 KS Equity
2017-10-16,15458.938,5.447,000660 KS Equity
2017-10-23,15572.588,5.439,000660 KS Equity
2017-10-30,16119.795,4.95,000660 KS Equity
2017-11-06,16367.839,5.101,000660 KS Equity
2017-11-13,16449.05,5.003,000660 KS Equity
2017-11-20,16534.768,4.965,000660 KS Equity
2017-11-27,16646.462,4.992,000660 KS Equity
2017-12-04,16836.557,4.698,000660 KS Equity
2017-12-11,17067.524,4.611,000660 KS Equity
2017-12-18,17176.537,4.495,000660 KS Equity
2017-12-25,17325.569,4.429,000660 KS Equity
2018-01-01,17355.086,4.408,000660 KS Equity
2018-01-08,17603.935,4.442,000660 KS Equity
2018-01-15,17635.274,4.122,000660 KS Equity
2018-01-22,17593.675,4.041,000660 KS Equity
2018-01-29,18617.772,4.045,000660 KS Equity
2018-02-05,18460.915,3.803,000660 KS Equity
2018-02-12,18184.975,4.097,000660 KS Equity
2018-02-19,18138.966,4.217,000660 KS Equity
2018-02-26,18158.937,4.268,000660 KS Equity
2018-03-05,18325.261,4.273,000660 KS Equity
2018-03-12,18342.831,4.629,000660 KS Equity
2018-03-19,18464.16,4.869,000660 KS Equity
2018-03-26,18635.578,4.508,000660 KS Equity
2018-04-02,18615.089,4.367,000660 KS Equity
2018-04-09,18646.257,4.323,000660 KS Equity
2018-04-16,18706.361,4.49,000660 KS Equity
2018-04-23,18917.41,4.461,000660 KS Equity
2018-04-30,20414.38,4.139,000660 KS Equity
2018-05-07,20389.606,4.069,000660 KS Equity
2018-05-14,20364.825,4.194,000660 KS Equity
2018-05-21,20340.031,4.381,000660 KS Equity
2018-05-28,20311.661,4.652,000660 KS Equity
2018-06-04,20616.033,4.356,000660 KS Equity
2018-06-11,20664.445,4.317,000660 KS Equity
2018-06-18,20725.637,4.053,000660 KS Equity
2018-06-25,21319.39,3.978,000660 KS Equity
2018-07-02,21427.091,3.906,000660 KS Equity
2018-07-09,21457.755,4.082,000660 KS Equity
2018-07-16,21774.718,4.101,000660 KS Equity
2018-07-23,21258.334,3.843,000660 KS Equity
2018-07-30,22272.311,3.857,000660 KS Equity
2018-08-06,22238.539,3.57,000660 KS Equity
2018-08-13,22218.566,3.394,000660 KS Equity
2018-08-20,22225.87,3.361,000660 KS Equity
2018-08-27,22218.317,3.758,000660 KS Equity
2018-09-03,22216.55,3.628,000660 KS Equity
2018-09-10,22004.606,3.477,000660 KS Equity
2018-09-17,21951.793,3.517,000660 KS Equity
2018-09-24,21818.857,3.514,000660 KS Equity
2018-10-01,21604.323,3.411,000660 KS Equity
2018-10-08,21636.831,3.291,000660 KS Equity
2018-10-15,21416.825,3.282,000660 KS Equity
2018-10-22,21406.082,3.27,000660 KS Equity
2018-10-29,20369.039,3.279,000660 KS Equity
2018-11-05,20210.614,3.488,000660 KS Equity
2018-11-12,20103.073,3.706,000660 KS Equity
2018-11-19,19984.743,3.493,000660 KS Equity
2018-11-26,19743.692,3.591,000660 KS Equity
2018-12-03,19228.663,3.666,000660 KS Equity
2018-12-10,18521.669,3.536,000660 KS Equity
2018-12-17,17157.793,3.625,000660 KS Equity
2018-12-24,16345.671,3.695,000660 KS Equity
2018-12-31,15878.002,3.766,000660 KS Equity
2019-01-07,15246.255,3.85,000660 KS Equity
2019-01-14,14139.279,4.392,000660 KS Equity
2019-01-21,14259.258,4.699,000660 KS Equity
2019-01-28,10756.943,6.675,000660 KS Equity
2019-02-04,10812.083,7.034,000660 KS Equity
2019-02-11,10865.951,6.819,000660 KS Equity
2019-02-18,10921.417,6.84,000660 KS Equity
2019-02-25,10865.063,6.94,000660 KS Equity
2019-03-04,10736.112,6.529,000660 KS Equity
2019-03-11,9815.344,6.785,000660 KS Equity
2019-03-18,9081.047,7.466,000660 KS Equity
2019-03-25,8537.576,8.539,000660 KS Equity
2019-04-01,7721.838,9.92,000660 KS Equity
2019-04-08,7541.89,10.329,000660 KS Equity
2019-04-15,7213.482,11.049,000660 KS Equity
2019-04-22,7301.446,11.025,000660 KS Equity
2019-04-29,6901.038,11.592,000660 KS Equity
2019-05-06,6953.258,11.622,000660 KS Equity
2019-05-13,7016.711,10.475,000660 KS Equity
2019-05-20,7082.815,10.01,000660 KS Equity
2019-05-27,7038.447,9.505,000660 KS Equity
2019-06-03,6244.784,10.665,000660 KS Equity
2019-06-10,6054.848,11.032,000660 KS Equity
2019-06-17,5700.49,11.174,000660 KS Equity
2019-06-24,5460.016,12.253,000660 KS Equity
2019-07-01,5104.858,13.712,000660 KS Equity
2019-07-08,4735.365,14.233,000660 KS Equity
2019-07-15,4672.295,16.309,000660 KS Equity
2019-07-22,4704.646,16.664,000660 KS Equity
2019-07-29,4796.533,16.053,000660 KS Equity
2019-08-05,4787.554,15.749,000660 KS Equity
2019-08-12,4889.398,15.237,000660 KS Equity
2019-08-19,4932.507,15.226,000660 KS Equity
2019-08-26,4981.885,14.412,000660 KS Equity
2019-09-02,5051.613,15.361,000660 KS Equity
2019-09-09,5296.328,15.917,000660 KS Equity
2019-09-16,5375.695,14.789,000660 KS Equity
2019-09-23,5437.549,15.227,000660 KS Equity
2019-09-30,5585.425,14.717,000660 KS Equity
2019-10-07,5529.894,14.521,000660 KS Equity
2019-10-14,5612.715,14.342,000660 KS Equity
2019-10-21,5717.688,13.554,000660 KS Equity
2019-10-28,5914.233,14.017,000660 KS Equity
2019-11-04,6177.769,13.71,000660 KS Equity
2019-11-11,6258.423,12.99,000660 KS Equity
2019-11-18,6363.915,13.435,000660 KS Equity
2019-11-25,6228.743,13.117,000660 KS Equity
2019-12-02,6328.425,12.72,000660 KS Equity
2019-12-09,6447.045,12.517,000660 KS Equity
2019-12-16,6489.59,13.653,000660 KS Equity
2019-12-23,6861.113,13.788,000660 KS Equity
2019-12-30,6942.266,13.555,000660 KS Equity
2020-01-06,7129.74,13.226,000660 KS Equity
2020-01-13,7278.72,13.807,000660 KS Equity
2020-01-20,7418.686,13.466,000660 KS Equity
2020-01-27,7571.902,13.179,000660 KS Equity
2020-02-03,7708.835,12.285,000660 KS Equity
2020-02-10,7883.917,12.532,000660 KS Equity
2020-02-17,8057.702,13.031,000660 KS Equity
2020-02-24,8153.269,12.204,000660 KS Equity
2020-03-02,8274.789,11.13,000660 KS Equity
2020-03-09,8447.227,10.287,000660 KS Equity
2020-03-16,8340.997,9.663,000660 KS Equity
2020-03-23,8321.859,8.339,000660 KS Equity
2020-03-30,8367.066,10.004,000660 KS Equity
2020-04-06,8185.207,10.152,000660 KS Equity
2020-04-13,8112.872,10.033,000660 KS Equity
2020-04-20,8082.536,10.145,000660 KS Equity
2020-04-27,8173.174,10.106,000660 KS Equity
2020-05-04,8192.714,9.887,000660 KS Equity
2020-05-11,8358.935,10.109,000660 KS Equity
2020-05-18,8463.366,9.582,000660 KS Equity
2020-05-25,8508.995,9.566,000660 KS Equity
2020-06-01,8521.971,9.81,000660 KS Equity
2020-06-08,8668.723,10.498,000660 KS Equity
2020-06-15,8708.614,9.416,000660 KS Equity
2020-06-22,8721.683,9.734,000660 KS Equity
2020-06-29,8746.025,9.559,000660 KS Equity
2020-07-06,8703.001,9.882,000660 KS Equity
2020-07-13,8830.296,9.399,000660 KS Equity
2020-07-20,8882.709,9.254,000660 KS Equity
2020-07-27,8805.736,9.403,000660 KS Equity
2020-08-03,8887.574,9.204,000660 KS Equity
2020-08-10,8985.05,9.059,000660 KS Equity
2020-08-17,9062.123,8.876,000660 KS Equity
2020-08-24,8940.015,8.445,000660 KS Equity
2020-08-31,8792.994,8.541,000660 KS Equity
2020-09-07,8548.232,9.171,000660 KS Equity
2020-09-14,8563.517,9.342,000660 KS Equity
2020-09-21,8532.829,9.903,000660 KS Equity
2020-09-28,8377.22,9.848,000660 KS Equity
2020-10-05,8408.373,9.895,000660 KS Equity
2020-10-12,8310.787,10.288,000660 KS Equity
2020-10-19,8280.353,10.471,000660 KS Equity
2020-10-26,8221.065,10.12,000660 KS Equity
2020-11-02,8372.057,9.508,000660 KS Equity
2020-11-09,8415.696,10.219,000660 KS Equity
2020-11-16,8502.433,11.526,000660 KS Equity
2020-11-23,8582.047,11.652,000660 KS Equity
2020-11-30,8602.805,11.334,000660 KS Equity
2020-12-07,8931.29,13.212,000660 KS Equity
2020-12-14,9170.31,12.759,000660 KS Equity
2020-12-21,9347.477,12.41,000660 KS Equity
2020-12-28,9431.04,12.247,000660 KS Equity
2021-01-04,9739.262,12.937,000660 KS Equity
2021-01-11,10319.868,12.888,000660 KS Equity
2021-01-18,10470.1,12.416,000660 KS Equity
2021-01-25,10682.949,12.637,000660 KS Equity
2021-02-01,11283.031,11.079,000660 KS Equity
2021-02-08,11459.967,10.908,000660 KS Equity
2021-02-15,11587.106,11.392,000660 KS Equity
2021-02-22,11806.727,11.561,000660 KS Equity
2021-03-01,12111.194,11.73,000660 KS Equity
2021-03-08,12650.842,10.711,000660 KS Equity
2021-03-15,13027.37,10.478,000660 KS Equity
2021-03-22,13317.613,10.362,000660 KS Equity
2021-03-29,14056.059,9.391,000660 KS Equity
2021-04-05,14416.167,9.919,000660 KS Equity
2021-04-12,14690.182,9.36,000660 KS Equity
2021-04-19,14937.796,9.238,000660 KS Equity
2021-04-26,15158.322,8.675,000660 KS Equity
2021-05-03,15942.809,8.248,000660 KS Equity
2021-05-10,16087.046,8.081,000660 KS Equity
2021-05-17,16045.816,7.323,000660 KS Equity
2021-05-24,16145.1,7.402,000660 KS Equity
2021-05-31,16251.548,7.815,000660 KS Equity
2021-06-07,16488.944,7.793,000660 KS Equity
2021-06-14,16622.553,7.64,000660 KS Equity
2021-06-21,16756.162,7.281,000660 KS Equity
2021-06-28,16665.113,7.561,000660 KS Equity
2021-07-05,16871.189,7.291,000660 KS Equity
2021-07-12,16999.801,7.059,000660 KS Equity
2021-07-19,17168.199,6.931,000660 KS Equity
2021-07-26,17304.746,6.761,000660 KS Equity
2021-08-02,16938.594,6.848,000660 KS Equity
2021-08-09,16803.411,6.903,000660 KS Equity
2021-08-16,16716.42,6.082,000660 KS Equity
2021-08-23,16683.745,6.174,000660 KS Equity
2021-08-30,16780.802,6.168,000660 KS Equity
2021-09-06,16570.045,6.397,000660 KS Equity
2021-09-13,16660.313,6.392,000660 KS Equity
2021-09-20,16527.396,6.483,000660 KS Equity
2021-09-27,16596.706,6.296,000660 KS Equity
2021-10-04,16268.116,6.154,000660 KS Equity
2021-10-11,15862.789,5.932,000660 KS Equity
2021-10-18,15430.369,6.293,000660 KS Equity
2021-10-25,15220.241,6.57,000660 KS Equity
2021-11-01,14242.467,7.478,000660 KS Equity
2021-11-08,14265.213,7.536,000660 KS Equity
2021-11-15,14289.186,7.768,000660 KS Equity
2021-11-22,14322.377,8.344,000660 KS Equity
2021-11-29,14338.244,8.09,000660 KS Equity
2021-12-06,14620.966,8.105,000660 KS Equity
2021-12-13,14639.953,8.299,000660 KS Equity
2021-12-20,14899.706,8.087,000660 KS Equity
2021-12-27,14952.662,8.427,000660 KS Equity
2022-01-03,15067.826,8.528,000660 KS Equity
2022-01-10,15557.841,8.002,000660 KS Equity
2022-01-17,15775.25,8.051,000660 KS Equity
2022-01-24,15825.902,7.519,000660 KS Equity
2022-01-31,16339.254,7.38,000660 KS Equity
2022-02-07,17500.585,7.028,000660 KS Equity
2022-02-14,17755.982,7.462,000660 KS Equity
2022-02-21,18147.066,7.164,000660 KS Equity
2022-02-28,18196.098,6.787,000660 KS Equity
2022-03-07,18346.388,6.514,000660 KS Equity
2022-03-14,18317.167,6.333,000660 KS Equity
2022-03-21,18846.091,6.473,000660 KS Equity
2022-03-28,19044.918,6.196,000660 KS Equity
2022-04-04,19085.559,6.13,000660 KS Equity
2022-04-11,19137.526,5.826,000660 KS Equity
2022-04-18,19205.551,5.675,000660 KS Equity
2022-04-25,19189.906,5.628,000660 KS Equity
2022-05-02,18549.93,5.957,000660 KS Equity
2022-05-09,18664.953,5.759,000660 KS Equity
2022-05-16,18669.036,5.919,000660 KS Equity
2022-05-23,18585.57,6.08,000660 KS Equity
2022-05-30,18589.155,5.756,000660 KS Equity
2022-06-06,18642.129,5.744,000660 KS Equity
2022-06-13,18547.761,5.338,000660 KS Equity
2022-06-20,18128.865,5.213,000660 KS Equity
2022-06-27,17478.766,5.435,000660 KS Equity
2022-07-04,16654.41,5.35,000660 KS Equity
2022-07-11,16338.504,5.735,000660 KS Equity
2022-07-18,16253.832,6.214,000660 KS Equity
2022-07-25,16006.965,6.247,000660 KS Equity
2022-08-01,13824.612,7.024,000660 KS Equity
2022-08-08,13495.706,7.136,000660 KS Equity
2022-08-15,13385.934,6.968,000660 KS Equity
2022-08-22,13079.178,7.279,000660 KS Equity
2022-08-29,12896.266,7.173,000660 KS Equity
2022-09-05,12417.394,7.336,000660 KS Equity
2022-09-12,11973.723,7.415,000660 KS Equity
2022-09-19,11442.628,7.865,000660 KS Equity
2022-09-26,10132.939,8.142,000660 KS Equity
2022-10-03,8439.2,9.785,000660 KS Equity
2022-10-10,8224.833,11.058,000660 KS Equity
2022-10-17,7876.403,12.087,000660 KS Equity
2022-10-24,6716.404,13.668,000660 KS Equity
2022-10-31,2568.676,32.196,000660 KS Equity
2022-11-07,1942.934,44.52,000660 KS Equity
2022-11-14,1780.544,51.052,000660 KS Equity
2022-11-21,1477.079,58.426,000660 KS Equity
2022-11-28,1108.48,74.968,000660 KS Equity
2022-12-05,216.333,374.422,000660 KS Equity
2022-12-12,-564.361,444.457,000660 KS Equity
2022-12-19,-1491.165,,000660 KS Equity
2022-12-26,-1972.413,,000660 KS Equity
2023-01-02,-2283.701,,000660 KS Equity
2023-01-09,-2685.519,,000660 KS Equity
2023-01-16,-3191.362,,000660 KS Equity
2023-01-23,-3258.817,,000660 KS Equity
2023-01-30,-3256.528,,000660 KS Equity
2023-02-06,-6168.581,,000660 KS Equity
2023-02-13,-5959.14,,000660 KS Equity
2023-02-20,-5710.332,,000660 KS Equity
2023-02-27,-5583.747,,000660 KS Equity
2023-03-06,-5426.464,,000660 KS Equity
2023-03-13,-5548.851,,000660 KS Equity
2023-03-20,-6845.997,,000660 KS Equity
2023-03-27,-7221.762,,000660 KS Equity
2023-04-03,-7629.704,,000660 KS Equity
2023-04-10,-7580.233,,000660 KS Equity
2023-04-17,-7426.459,,000660 KS Equity
2023-04-24,-7333.614,,000660 KS Equity
2023-05-01,-6840.039,,000660 KS Equity
2023-05-08,-6539.161,,000660 KS Equity
2023-05-15,-6279.834,,000660 KS Equity
2023-05-22,-6093.011,,000660 KS Equity
2023-05-29,-5643.462,,000660 KS Equity
2023-06-05,-5134.446,,000660 KS Equity
2023-06-12,-4938.703,,000660 KS Equity
2023-06-19,-4427.503,,000660 KS Equity
2023-06-26,-3919.461,,000660 KS Equity
2023-07-03,-3211.528,,000660 KS Equity
2023-07-10,-2704.858,,000660 KS Equity
2023-07-17,-2442.906,,000660 KS Equity
2023-07-24,-2135.435,,000660 KS Equity
2023-07-31,-513.085,,000660 KS Equity
2023-08-07,-279.631,,000660 KS Equity
2023-08-14,50.084,2294.15,000660 KS Equity
2023-08-21,377.541,308.311,000660 KS Equity
2023-08-28,782.003,148.209,000660 KS Equity
2023-09-04,1112.103,107.184,000660 KS Equity
2023-09-11,1452.948,79.769,000660 KS Equity
2023-09-18,1874.442,63.486,000660 KS Equity
2023-09-25,2536.806,46.121,000660 KS Equity
2023-10-02,2881.231,42.864,000660 KS Equity
2023-10-09,3243.395,37.911,000660 KS Equity
2023-10-16,3659.931,33.908,000660 KS Equity
2023-10-23,4121.785,30.084,000660 KS Equity
2023-10-30,4428.457,26.894,000660 KS Equity
2023-11-06,4834.994,27.508,000660 KS Equity
2023-11-13,5174.767,25.47,000660 KS Equity
2023-11-20,5578.935,23.553,000660 KS Equity
2023-11-27,5942.562,21.994,000660 KS Equity
2023-12-04,6467.729,20.27,000660 KS Equity
2023-12-11,7078.182,18.211,000660 KS Equity
2023-12-18,7754.67,18.054,000660 KS Equity
2023-12-25,8269.428,17.164,000660 KS Equity
2024-01-01,8700.331,16.658,000660 KS Equity
2024-01-08,9074.494,14.987,000660 KS Equity
2024-01-15,9352.118,14.339,000660 KS Equity
2024-01-22,9701.016,14.699,000660 KS Equity
2024-01-29,11449.119,11.791,000660 KS Equity
2024-02-05,11574.455,11.43,000660 KS Equity
2024-02-12,11778.988,12.205,000660 KS Equity
2024-02-19,11928.127,12.684,000660 KS Equity
2024-02-26,12492.92,12.951,000660 KS Equity
2024-03-04,12719.202,13.09,000660 KS Equity
2024-03-11,13246.651,12.577,000660 KS Equity
2024-03-18,13565.956,12.111,000660 KS Equity
2024-03-25,14045.592,12.061,000660 KS Equity
2024-04-01,14684.854,12.632,000660 KS Equity
2024-04-08,15517.151,11.677,000660 KS Equity
2024-04-15,17355.456,10.844,000660 KS Equity
2024-04-22,18060.811,9.501,000660 KS Equity
2024-04-29,22126.461,7.95,000660 KS Equity
2024-05-06,22284.619,7.791,000660 KS Equity
2024-05-13,22920.674,8.019,000660 KS Equity
2024-05-20,23608.171,8.052,000660 KS Equity
2024-05-27,24203.595,8.325,000660 KS Equity
2024-06-03,24351.075,7.975,000660 KS Equity
2024-06-10,25292.75,8.224,000660 KS Equity
2024-06-17,26004.878,8.575,000660 KS Equity
2024-06-24,26866.409,8.3,000660 KS Equity
2024-07-01,27931.261,8.431,000660 KS Equity
2024-07-08,28917.997,8.075,000660 KS Equity
2024-07-15,29868.119,7.701,000660 KS Equity
2024-07-22,30184.964,6.791,000660 KS Equity
2024-07-29,32822.692,5.959,000660 KS Equity
2024-08-05,33071.776,4.72,000660 KS Equity
2024-08-12,33647.164,5.26,000660 KS Equity
2024-08-19,34120.907,5.683,000660 KS Equity
2024-08-26,34562.069,5.196,000660 KS Equity
2024-09-02,34425.302,5.054,000660 KS Equity
2024-09-09,34769.74,4.515,000660 KS Equity
2024-09-16,34569.496,4.67,000660 KS Equity
2024-09-23,34246.701,4.73,000660 KS Equity
2024-09-30,34040.922,5.129,000660 KS Equity
2024-10-07,34344.258,5.384,000660 KS Equity
2024-10-14,34401.973,5.45,000660 KS Equity
2024-10-21,34655.809,5.508,000660 KS Equity
2024-10-28,35482.024,5.524,000660 KS Equity
2024-11-04,35780.83,5.422,000660 KS Equity
2024-11-11,36027.648,5.346,000660 KS Equity
2024-11-18,36349.382,4.724,000660 KS Equity
2024-11-25,36739.528,4.818,000660 KS Equity
2024-12-02,36527.107,4.347,000660 KS Equity
2024-12-09,36516.041,4.625,000660 KS Equity
2024-12-16,36213.083,4.951,000660 KS Equity
2024-12-23,36007.786,4.71,000660 KS Equity
2024-12-30,36172.967,4.807,000660 KS Equity
2025-01-06,36152.787,5.527,000660 KS Equity
2025-01-13,35747.413,5.435,000660 KS Equity
2025-01-20,35439.329,5.982,000660 KS Equity
2025-01-27,35775.744,6.162,000660 KS Equity
2025-02-03,35485.544,5.38,000660 KS Equity
2025-02-10,36250.067,5.465,000660 KS Equity
2025-02-17,36189.308,5.858,000660 KS Equity
2025-02-24,36321.607,5.644,000660 KS Equity
2025-03-03,36866.388,5.195,000660 KS Equity
2025-03-10,36973.084,5.082,000660 KS Equity
2025-03-17,37427.959,5.504,000660 KS Equity
2025-03-24,37893.916,5.581,000660 KS Equity
2025-03-31,38368.854,4.97,000660 KS Equity
2025-04-07,39193.66,4.205,000660 KS Equity
2025-04-14,39210.975,4.596,000660 KS Equity
2025-04-21,40084.329,4.406,000660 KS Equity
2025-04-28,42940.232,4.238,000660 KS Equity
2025-05-05,43001.578,4.328,000660 KS Equity
2025-05-12,43097.054,4.525,000660 KS Equity
2025-05-19,43049.754,4.632,000660 KS Equity
2025-05-26,43118.818,4.708,000660 KS Equity
2025-06-02,43414.835,4.779,000660 KS Equity
2025-06-09,43484.25,5.266,000660 KS Equity
2025-06-16,43958.396,5.642,000660 KS Equity
2025-06-23,44752.298,5.799,000660 KS Equity
2025-06-30,45499.507,6.418,000660 KS Equity
2025-07-07,45594.482,5.944,000660 KS Equity
2025-07-14,46004.047,6.521,000660 KS Equity
2025-07-21,46222.083,5.895,000660 KS Equity
2025-07-28,46668.39,5.614,000660 KS Equity
2025-08-04,46704.677,5.524,000660 KS Equity
2025-08-11,47284.018,5.647,000660 KS Equity
2025-08-18,47395.386,5.644,000660 KS Equity
2025-08-25,47567.7,5.455,000660 KS Equity
2025-09-01,47707.419,5.366,000660 KS Equity
2025-09-08,47997.527,5.771,000660 KS Equity
2025-09-15,48935.036,6.764,000660 KS Equity
2025-09-22,51056.867,6.875,000660 KS Equity
2025-09-29,52776.472,6.613,000660 KS Equity
2025-10-06,53138.395,7.454,000660 KS Equity
2025-10-13,55292.518,7.659,000660 KS Equity
2025-10-20,57648.502,8.5,000660 KS Equity
2025-10-27,61660.028,8.969,000660 KS Equity
2025-11-03,75078.897,8.378,000660 KS Equity
2025-11-10,76256.68,8.026,000660 KS Equity
2025-11-17,77178.23,7.735,000660 KS Equity
2025-11-24,78332.113,6.638,000660 KS Equity
2025-12-01,79946.328,6.73,000660 KS Equity
2025-12-08,83321.22,6.889,000660 KS Equity
2025-12-15,87901.918,6.302,000660 KS Equity
2025-12-22,88569.931,6.548,000660 KS Equity
2025-12-29,90206.184,7.039,000660 KS Equity
2026-01-05,98558.005,7.102,000660 KS Equity
2026-01-12,103214.157,7.218,000660 KS Equity
2026-01-19,114503.122,6.611,000660 KS Equity
2026-01-26,118457.927,6.247,000660 KS Equity
2026-02-02,153058.652,5.488,000660 KS Equity
2026-02-09,155212.527,5.599,000660 KS Equity
2026-02-16,159259.168,5.572,000660 KS Equity
2026-02-23,162697.44,5.876,000660 KS Equity
2026-03-02,172198.509,6.262,000660 KS Equity
2026-03-09,178422.134,4.657,000660 KS Equity
2026-03-16,188298.561,5.189,000660 KS Equity
2026-03-23,200585.875,4.651,000660 KS Equity
2026-03-30,202796.723,4.325,000660 KS Equity
2026-04-06,213979.293,4.206,000660 KS Equity
2026-04-13,239008.471,4.318,000660 KS Equity
2026-04-20,259745.12,4.504,000660 KS Equity
2026-04-27,303536.081,4.286,000660 KS Equity
2026-05-04,316285.247,4.547,000660 KS Equity
2026-05-11,322775.386,5.911,000660 KS Equity
2026-05-18,326748.627,5.631,000660 KS Equity
2026-05-25,332255.5,5.858,000660 KS Equity
2026-06-01,339296.508,7.009,000660 KS Equity
2026-06-08,348430.304,5.677,000660 KS Equity
2026-06-15,353034.35,6.572,000660 KS Equity
2026-06-22,366600.295,8.071,000660 KS Equity
2026-06-29,379983.028,6.9,000660 KS Equity
2026-07-06,395055.379,5.941,000660 KS Equity
2026-07-13,409585.771,4.463,000660 KS Equity
2026-07-20,412184.212,4.466,000660 KS Equity
2026-07-27,415129.571,4.382,000660 KS Equity
2026-08-03,421956.152,3.605,000660 KS Equity
2026-08-10,426279.762,3.326,000660 KS Equity
2026-08-17,428765.422,3.893,000660 KS Equity
2026-08-24,423393.486,3.93,000660 KS Equity
2026-08-31,427820.283,3.864,000660 KS Equity
2026-09-07,429631.742,4.159,000660 KS Equity
2026-09-14,431030.381,3.937,000660 KS Equity
2026-09-21,433181.327,4.312,000660 KS Equity
