name,weight_pct,ticker,bbgTicker,BEST_FPERIOD_OVERRIDE,CRNCY,EQY_FUND_CRNCY,EQY_SH_OUT,GICS_INDUSTRY_NAME,GICS_SECTOR_NAME,GROSS_MARGIN,LAST_UPDATE_DT,NAME,PX_LAST,SALES_REV_TURN,TRAIL_12M_GROSS_MARGIN,TRAIL_12M_NET_SALES,BEST_EPS_1bf,BEST_GROSS_MARGIN_1bf,BEST_PE_RATIO_1bf,BEST_SALES_1bf,BEST_EPS_2bf,BEST_GROSS_MARGIN_2bf,BEST_PE_RATIO_2bf,BEST_SALES_2bf,pe,growth_ntm_vs_ttm_pct,growth_2bf_vs_1bf_pct,gross_margin_ttm_pct,gross_margin_ntm_pct,pe_price_eps_check,pe_check_relative_error,issuer
NVIDIA Corp,8.54,NVDA,NVDA US Equity,1FQ,USD,USD,24100.0,Semiconductors & Semiconductor,Information Technology,71.068084,2026-09-21,NVIDIA CORP,227.38,215938.0,74.674637,302969.0,13.530444,73.051015,16.805065,598515.694687,19.473023,72.619122,11.676667,849152.858302,16.805065,97.55014364076852,41.87645634690889,74.674637,73.051015,16.80506567264164,-4.0026123859782103e-08,NVDA
Apple Inc,7.82,AAPL,AAPL US Equity,1FQ,USD,USD,14594.18,"Technology Hardware, Storage &",Information Technology,46.905164,2026-09-21,APPLE INC,338.98,416161.0,48.652916,466823.0,9.601571,47.482467,35.30464,523829.878373,10.69945,47.986332,31.682001,565082.916028,35.30464,12.211668742328463,7.8752738929536825,48.652916,47.482467,35.30463920956269,2.2389049503246383e-08,AAPL
Microsoft Corp,5.81,MSFT,MSFT US Equity,1FQ,USD,USD,7425.545,Software,Information Technology,67.944093,2026-09-21,MICROSOFT CORP,501.61,331839.0,67.944093,331839.0,20.669659,65.915709,24.267938,409636.4113,24.678889,64.788718,20.325469,489047.38307,24.267938,23.444324295818152,19.38572099047193,67.944093,65.915709,24.26793785035351,6.16642803485945e-09,MSFT
Micron Technology Inc,5.01,MU,MU US Equity,1FQ,USD,USD,1129.393,Semiconductors & Semiconductor,Information Technology,39.790786,2026-09-21,MICRON TECHNOLOGY INC,1043.96,37378.0,72.569068,90274.0,155.74754,85.905552,6.702899,253690.016247,177.343901,83.120202,5.886642,285180.725289,6.702899,181.02223923499565,12.41306595658056,72.569068,85.905552,6.702898806619996,2.8850204891739395e-08,MU
Amazon.com Inc,4.33,AMZN,AMZN US Equity,1FQ,USD,USD,10786.31,Broadline Retail,Consumer Discretionary,50.285665,2026-09-21,AMAZON.COM INC,258.45,716924.0,50.769647,775680.0,13.007866,52.573027,19.868747,916381.204294,14.679,54.19576,17.606785,1053176.616738,19.868747,18.13907852387584,14.927784616598515,50.769647,52.573027,19.868747110402275,-5.556579640852988e-09,AMZN
Advanced Micro Devices Inc,3.99,AMD,AMD US Equity,1FQ,USD,USD,1632.475,Semiconductors & Semiconductor,Information Technology,49.516441,2026-09-21,ADVANCED MICRO DEVICES,615.52,34639.0,53.204213,41305.0,13.226529,55.600552,46.536776,78346.276556,20.824416,55.533706,29.557612,112813.814847,46.536776,89.67746412298752,43.99384349346003,53.204213,55.600552,46.5367746897164,2.8155874742807896e-08,AMD
Alphabet Inc Class A,3.23,GOOGL,GOOGL US Equity,1FQ,USD,USD,5868.0,Interactive Media & Services,Communication Services,59.652315,2026-09-21,ALPHABET INC-CL A,354.97,402836.0,60.896547,445866.0,16.887406,67.521103,21.019806,518206.875004,18.607454,66.773523,19.076763,635855.266811,21.019806,16.22480184719175,22.702977803235804,60.896547,67.521103,21.01980612060846,-5.737848418618796e-09,GOOGL
Meta Platforms Inc,3.12,META,META US Equity,1FQ,USD,USD,2205.129,Interactive Media & Services,Communication Services,81.999443,2026-09-21,META PLATFORMS INC-CLASS A,741.245,200966.0,81.748281,228247.0,37.40095,79.618027,19.818882,291361.709649,44.653023,78.150141,16.600108,346853.225452,19.818882,27.65193393516674,19.045575985207506,81.748281,79.618027,19.818881605948512,1.9882629764822468e-08,META
Alphabet Inc Class C,2.98,GOOG,GOOG US Equity,1FQ,USD,USD,5527.0,Interactive Media & Services,Communication Services,59.652315,2026-09-21,ALPHABET INC-CL C,350.87,402836.0,60.896547,445866.0,16.887406,67.521103,20.777021,518206.875004,18.607454,66.773523,18.856422,635855.266811,20.777021,16.22480184719175,22.702977803235804,60.896547,67.521103,20.777021645597912,-3.107268797819529e-08,GOOGL
Tesla Inc,2.88,TSLA,TSLA US Equity,1FQ,USD,USD,3949.547,Automobiles,Consumer Discretionary,18.026511,2026-09-21,TESLA INC,375.3,94827.0,18.851755,103619.0,2.066617,19.136222,181.601151,116250.291752,2.883008,19.998916,130.176554,135166.748267,181.601151,12.19013091421457,16.272179819862288,18.851755,19.136222,181.60113847897313,6.894795356870986e-08,TSLA
Broadcom Inc,2.69,AVGO,AVGO US Equity,1FQ,USD,USD,4773.63,Semiconductors & Semiconductor,Information Technology,67.766525,2026-09-21,BROADCOM INC,362.66,63887.0,68.770201,89104.0,18.362222,72.124778,19.750333,166279.402175,29.410153,70.164015,12.331116,263486.165629,19.750333,86.61272465321422,58.45989472087179,68.770201,72.124778,19.750333047928514,-2.4267192699767293e-09,AVGO
Intel Corp,2.39,INTC,INTC US Equity,1FQ,USD,USD,5285.07,Semiconductors & Semiconductor,Information Technology,34.766238,2026-09-21,INTEL CORP,121.78,52853.0,38.604643,57032.0,1.917203,43.385506,63.519615,70249.175692,2.777275,46.015733,43.84874,81166.424679,63.519615,23.175016993968313,15.540750306972306,38.604643,43.385506,63.51961685851733,-2.9258950595689726e-08,INTC
Walmart Inc,2.28,WMT,WMT US Equity,1FQ,USD,USD,7933.746,Consumer Staples Distribution,Consumer Staples,24.9267,2026-09-21,WALMART INC,107.44,713163.0,25.230621,735840.0,3.102268,24.63282,34.632725,773772.65018,3.450351,24.749893,31.13886,810839.457065,34.632725,5.155013342574466,4.790400239188775,25.230621,24.63282,34.632726766352874,-5.10024199540382e-08,WMT
Cisco Systems Inc,1.89,CSCO,CSCO US Equity,1FQ,USD,USD,3942.587,Communications Equipment,Information Technology,64.52428,2026-09-21,CISCO SYSTEMS INC,111.46,63325.0,64.52428,63325.0,5.167188,64.785755,21.570728,73772.632982,5.653969,64.749649,19.713584,79055.212128,21.570728,16.498433449664418,7.160621672929746,64.52428,64.785755,21.570726669902466,6.16621569360376e-08,CSCO
Palantir Technologies Inc,1.78,PLTR,PLTR US Equity,1FQ,USD,USD,2300.713,Software,Information Technology,82.366517,2026-09-21,PALANTIR TECHNOLOGIES INC-A,183.09,4475.446,84.796134,6155.941,2.1369,86.322659,85.680176,11173.525685,3.14666,86.407809,58.185499,16166.730665,85.680176,81.50800478757027,44.68781941140718,84.796134,86.322659,85.6801909307876,-1.742618385147665e-07,PLTR
Costco Wholesale Corp,1.74,COST,COST US Equity,1FQ,USD,USD,443.4788,Consumer Staples Distribution,Consumer Staples,12.843207,2026-09-21,COSTCO WHOLESALE CORP,898.48,275235.0,12.875911,293587.0,22.785425,11.358149,39.432224,328332.855014,25.029145,11.289676,35.897351,353223.377436,39.432224,11.834943309478962,7.580880817102109,12.875911,11.358149,39.43222476648998,-1.9438162190965613e-08,COST
Lam Research Corp,1.58,LRCX,LRCX US Equity,1FQ,USD,USD,1251.321,Semiconductors & Semiconductor,Information Technology,50.469007,2026-09-21,LAM RESEARCH CORP,302.28,23232.69,50.469007,23232.69,10.012927,51.995165,30.188974,36392.70887,12.396691,52.581595,24.383927,43034.734089,30.188974,56.64440437159883,18.250977806368486,50.469007,51.995165,30.188974712389292,-2.3597664267072105e-08,LRCX
Applied Materials Inc,1.54,AMAT,AMAT US Equity,1FQ,USD,USD,793.5974,Semiconductors & Semiconductor,Information Technology,48.674563,2026-09-21,APPLIED MATERIALS INC,464.24,28368.0,49.39845,30837.0,18.150778,50.713,25.576865,45643.09902,23.345603,51.316947,19.885543,55238.639353,25.576865,48.014070824010126,21.022981653361008,49.39845,50.713,25.576865079832945,-3.121295111263578e-09,AMAT
Netflix Inc,1.32,NFLX,NFLX US Equity,1FQ,USD,USD,4163.94,Entertainment,Communication Services,48.486576,2026-09-21,NETFLIX INC,73.36,45183.036,49.117872,48370.764,3.743448,51.639061,19.596905,55401.120212,4.416969,52.885832,16.608673,61245.867152,19.596905,14.534308806865237,10.549871406271706,49.117872,51.639061,19.596906381496417,-7.049563799377268e-08,NFLX
Palo Alto Networks Inc,1.3,PANW,PANW US Equity,1FQ,USD,USD,818.0,Software,Information Technology,70.357143,2026-09-21,PALO ALTO NETWORKS INC,371.76,11480.0,70.357143,11480.0,4.276115,75.382927,86.938729,14450.628673,4.984328,75.539672,74.585778,16521.373837,86.938729,25.876556385017423,14.32979291668497,70.357143,75.382927,86.93872826151775,8.494283942894754e-09,PANW
Space Exploration Technologies Corp,1.28,SPCX,SPCX US Equity,1FQ,USD,USD,8087.335,Diversified Telecommunication,Communication Services,49.389526,2026-09-21,SPACE EXPLORATION TECHN-CL A,151.85,18674.0,49.389526,21845.0,1.307766,59.682146,116.11402,87835.613564,3.803519,60.758385,39.923554,159758.859912,116.11402,302.0856652048524,81.88392319431377,49.389526,59.682146,116.11404486735394,-2.1416318729539086e-07,SPCX
Sandisk Corp,1.16,SNDK,SNDK US Equity,1FQ,USD,USD,146.419,"Technology Hardware, Storage &",Information Technology,71.473726,2026-09-21,SANDISK CORP,1766.64,20248.0,71.473726,20248.0,223.142697,84.15508,7.917086,50967.603671,248.884992,82.839767,7.098218,57351.601633,7.917086,151.7167308919399,12.525599600893988,71.473726,84.15508,7.917086347665683,-4.391333729980573e-08,SNDK
Texas Instruments Inc,1.06,TXN,TXN US Equity,1FQ,USD,USD,913.2477,Semiconductors & Semiconductor,Information Technology,57.024092,2026-09-21,TEXAS INSTRUMENTS INC,270.87,17682.0,58.325194,19453.0,9.940368,61.568345,27.249495,24114.963613,12.129634,62.930576,22.33126,27054.89698,27.249495,23.965268148871633,12.191324084831411,58.325194,61.568345,27.24949418371634,2.995591974475076e-08,TXN
Crowdstrike Holdings Inc,1.06,CRWD,CRWD US Equity,1FQ,USD,USD,1023.935,Software,Information Technology,74.669,2026-09-21,CROWDSTRIKE HOLDINGS INC - A,249.35,4812.005,75.167513,5396.145,1.479226,78.970172,168.56788,6882.053129,1.908656,79.650313,130.641633,8417.082405,168.56788,27.536475187379118,22.30481583368782,75.167513,78.970172,168.56788617831216,-3.665177461531499e-08,CRWD
KLA Corp,1.01,KLAC,KLAC US Equity,1FQ,USD,USD,1306.547,Semiconductors & Semiconductor,Information Technology,61.301452,2026-09-21,KLA CORP,183.97,13579.476,61.301452,13579.476,5.784241,62.725398,31.805381,19039.490654,7.15579,63.047221,25.709251,22679.598305,31.805381,40.20784494188141,19.11872390470304,61.301452,62.725398,31.805382936153595,-6.087502857354821e-08,KLAC
Marvell Technology Inc,0.93,MRVL,MRVL US Equity,1FQ,USD,USD,876.9,Semiconductors & Semiconductor,Information Technology,51.017743,2026-09-21,MARVELL TECHNOLOGY INC,257.38,8194.6,52.211041,9450.3,5.865843,57.956464,43.877752,15977.588774,9.318359,57.237855,27.620744,23465.296416,43.877752,69.06964619112621,46.86381498430221,52.211041,57.956464,43.87775124564364,1.7192229417872795e-08,MRVL
Linde PLC,0.93,LIN,LIN US Equity,1FQ,USD,USD,460.9802,Chemicals,Materials,48.834814,2026-09-21,LINDE PLC,457.5,33986.0,48.348331,35449.0,19.102682,49.040318,23.949517,37547.362305,20.899836,49.301794,21.890124,39555.013655,23.949517,5.919383635645592,5.346983720698417,48.348331,49.040318,23.949516617614215,1.59663258170184e-08,LIN
Amgen Inc,0.91,AMGN,AMGN US Equity,1FQ,USD,USD,540.632,Biotechnology,Health Care,67.24715,2026-09-21,AMGEN INC,393.16,36751.0,69.515684,38095.0,23.978923,81.509655,16.396066,39837.551681,25.301378,81.604145,15.539075,41170.346059,16.396066,4.574226751542199,3.34557301280054,69.515684,81.509655,16.39606582831097,1.0471355338381727e-08,AMGN
Seagate Technology Holdings PLC,0.84,STX,STX US Equity,1FQ,USD,USD,227.393,"Technology Hardware, Storage &",Information Technology,45.576056,2026-09-21,SEAGATE TECHNOLOGY HOLDINGS,877.325,12195.0,45.576056,12195.0,40.227222,61.109241,21.809236,20235.034233,60.876313,66.285218,14.411599,26778.027829,21.809236,65.92893999999998,32.33497665810447,45.576056,61.109241,21.809236541364953,-2.4822737532126382e-08,STX
QUALCOMM Inc,0.82,QCOM,QCOM US Equity,1FQ,USD,USD,1050.0,Semiconductors & Semiconductor,Information Technology,55.428597,2026-09-21,QUALCOMM INC,194.23,44284.0,54.227557,44068.0,10.137728,52.813061,19.159125,45116.998267,12.79574,52.918966,15.17927,52152.492851,19.159125,2.3804081578469694,15.593888898291318,54.227557,52.813061,19.159125200439387,-1.046182362962611e-08,QCOM
Gilead Sciences Inc,0.82,GILD,GILD US Equity,1FQ,USD,USD,1239.95,Biotechnology,Health Care,78.826886,2026-09-21,GILEAD SCIENCES INC,150.56,29443.0,79.590899,30457.0,6.972632,86.763253,21.592993,32109.288198,10.361897,86.590046,14.530158,33846.290463,21.592993,5.4249866959976245,5.409656714558353,79.590899,86.763253,21.592993865157375,-4.006657805533109e-08,GILD
Analog Devices Inc,0.8,ADI,ADI US Equity,1FQ,USD,USD,484.5655,Semiconductors & Semiconductor,Information Technology,61.466952,2026-09-21,ANALOG DEVICES INC,383.0,11019.707,65.799621,13881.744,16.341,73.908778,23.437978,18109.661786,19.30513,75.476435,19.839286,19681.051546,23.437978,30.45667594792123,8.677079553273547,65.799621,73.908778,23.437978091916037,-3.921670876927408e-09,ADI
T-Mobile US Inc,0.8,TMUS,TMUS US Equity,1FQ,USD,USD,1072.678,Wireless Telecommunication Ser,Communication Services,62.887135,2026-09-21,T-MOBILE US INC,165.27,88309.0,62.188547,92189.0,13.066801,63.438881,12.648084,97511.489498,16.275992,64.289042,10.15422,101733.887791,12.648084,5.77345398908764,4.330154646121587,62.188547,63.438881,12.648084255664413,-2.0213686724446234e-08,TMUS
PepsiCo Inc,0.78,PEP,PEP US Equity,1FQ,USD,USD,1364.892,Beverages,Consumer Staples,54.148523,2026-09-21,PEPSICO INC,129.59,93925.0,53.956493,96904.0,8.864368,54.150617,14.619204,101053.283437,9.366935,54.210004,13.834835,104554.136043,14.619204,4.281849497440771,3.4643630438614625,53.956493,54.150617,14.619203534871295,3.1816282275443086e-08,PEP
Shopify Inc,0.69,SHOP,SHOP US Equity,1FQ,USD,USD,1208.709,IT Services,Information Technology,48.070267,2026-09-21,SHOPIFY INC - CLASS A,137.92,11556.0,47.765468,13269.0,2.324939,46.986379,59.321994,18063.895738,3.099725,46.730317,44.494267,22580.265602,59.321994,36.13607459492047,25.002191827863406,47.765468,46.986379,59.32198651233429,1.2622075118429166e-07,SHOP
ASML Holding NV,0.67,ASML,ASML US Equity,1FQ,USD,EUR,388.1477,Semiconductors & Semiconductor,Information Technology,52.829588,2026-09-21,ASML HOLDING NV-NY REG SHS,1711.32,32667.3,52.732857,35327.5,48.53846,55.913521,30.741119,52428.169988,63.544752,57.102298,23.481507,64500.855939,30.741119,48.40611418300191,23.027097748716475,52.732857,55.913521,35.256990023993346,-0.12808441732888065,ASML
Western Digital Corp,0.67,WDC,WDC US Equity,1FQ,USD,USD,344.6821,"Technology Hardware, Storage &",Information Technology,48.85053,2026-09-21,WESTERN DIGITAL CORP,448.17,12919.0,48.85053,12919.0,22.762295,60.124693,19.689139,20714.930044,35.26266,65.452878,12.709478,27628.796049,19.689139,60.34468646180044,33.376245974832884,48.85053,60.124693,19.68913942992128,-2.183545300127321e-08,WDC
Intuitive Surgical Inc,0.61,ISRG,ISRG US Equity,1FQ,USD,USD,353.278,Health Care Equipment & Suppli,Health Care,65.996006,2026-09-21,INTUITIVE SURGICAL INC,401.65,10064.7,66.67875,11034.4,11.609598,68.431862,34.596375,12841.549772,13.089477,68.537122,30.684954,14487.487206,34.596375,16.377417639382298,12.817280337836156,66.67875,68.431862,34.59637448256176,1.4956429872370336e-08,ISRG
Booking Holdings Inc,0.57,BKNG,BKNG US Equity,1FQ,USD,USD,751.3805,"Hotels, Restaurants & Leisure",Consumer Discretionary,,2026-09-21,BOOKING HOLDINGS INC,168.52,26917.0,,28241.0,11.835785,100.0,14.238176,31201.299804,13.757924,100.0,12.248941,33916.151066,14.238176,10.482276845720762,8.701083862063829,,100.0,14.238176850965104,-5.976643735472464e-08,BKNG
Vertex Pharmaceuticals Inc,0.56,VRTX,VRTX US Equity,1FQ,USD,USD,253.4609,Biotechnology,Health Care,86.240657,2026-09-21,VERTEX PHARMACEUTICALS INC,510.72,12001.3,85.995297,12587.2,20.359483,86.788008,25.085117,14236.211224,23.452053,87.269508,21.777198,15858.830417,25.085117,13.100699313588414,11.397830275688236,85.995297,86.788008,25.085116355852456,2.5678475346069263e-08,VRTX
Fortinet Inc,0.54,FTNT,FTNT US Equity,1FQ,USD,USD,733.7107,Software,Information Technology,80.456203,2026-09-21,FORTINET INC,175.23,6799.6,80.20432,7527.4,3.697904,80.216739,47.3863,8797.719556,4.155851,80.254989,42.164648,9751.689963,47.3863,16.875940643515698,10.843382775817156,80.20432,80.216739,47.38630315984406,-6.66826456274805e-08,FTNT
ARM Holdings PLC,0.51,ARM,ARM US Equity,1FQ,USD,USD,1068.0,Semiconductors & Semiconductor,Information Technology,97.54065,2026-09-21,ARM HOLDINGS PLC-ADR,322.9,4920.0,97.53685,5156.0,2.646057,94.328636,122.030607,7110.217895,3.529634,89.225855,91.482584,9452.08008,122.030607,37.90182108223428,32.93657409074382,97.53685,94.328636,122.03062896982189,-1.800353081060635e-07,ARM
Starbucks Corp,0.48,SBUX,SBUX US Equity,1FQ,USD,USD,1140.0,"Hotels, Restaurants & Leisure",Consumer Discretionary,22.771108,2026-09-21,STARBUCKS CORP,94.9,37184.4,22.07427,38338.3,3.111107,67.92551,30.503609,38695.882856,3.708969,68.156641,25.586622,40683.717042,30.503609,0.9327039957431449,5.137068957432445,22.07427,67.92551,30.50361173691551,-8.972430975973111e-08,SBUX
Automatic Data Processing Inc,0.48,ADP,ADP US Equity,1FQ,USD,USD,397.2627,Professional Services,Industrials,46.416432,2026-09-21,AUTOMATIC DATA PROCESSING,269.94,21947.4,46.416432,21947.4,12.49531,46.800755,21.603305,23513.550725,13.638931,47.163252,19.791873,24896.282072,21.603305,7.135928287633164,5.880572284346064,46.416432,46.800755,21.603305560246206,-2.5933355685126003e-08,ADP
Adobe Inc,0.44,ADBE,ADBE US Equity,1FQ,USD,USD,397.5,Software,Information Technology,89.267533,2026-09-21,ADOBE INC,249.52,23769.0,89.252984,25970.0,27.093375,89.380659,9.209631,28620.880863,30.445962,89.160458,8.195504,31106.325113,9.209631,10.207473480939534,8.684024303434668,89.252984,89.380659,9.20963150585706,-5.4926959758283544e-08,ADBE
AppLovin Corp,0.41,APP,APP US Equity,1FQ,USD,USD,304.443,Media,Communication Services,87.863997,2026-09-21,APPLOVIN CORP-CLASS A,330.17,5480.717,88.463864,6829.124,18.848307,87.843326,17.517224,9673.143382,23.716332,88.191882,13.92163,11985.571758,17.517224,41.64544943099584,23.905655945336424,88.463864,87.843326,17.517223164924047,4.7671708136576285e-08,APP
Constellation Energy Corp,0.4,CEG,CEG US Equity,1FQ,USD,USD,354.3074,Electric Utilities,Utilities,42.50186,2026-09-21,CONSTELLATION ENERGY,262.11,25533.0,43.907899,31270.0,12.947828,47.95351,20.24355,32798.776541,15.694008,49.722595,16.701279,34905.050287,20.24355,4.8889559993604115,6.421805835858119,43.907899,47.95351,20.243549728958403,1.3389034991817539e-08,CEG
MercadoLibre Inc,0.4,MELI,MELI US Equity,1FQ,USD,USD,50.6968,Broadline Retail,Consumer Discretionary,44.502129,2026-09-21,MERCADOLIBRE INC,1820.47,28893.0,42.675232,35182.0,50.45859,42.12623,36.078495,50546.308901,72.781889,42.612866,25.012679,63461.143213,36.078495,43.67093656130976,25.550499319930566,42.675232,42.12623,36.07849525720001,-7.1289008030106515e-09,MELI
Marriott International Inc/MD,0.39,MAR,MAR US Equity,1FQ,USD,USD,260.7663,"Hotels, Restaurants & Leisure",Consumer Discretionary,19.941954,2026-09-21,MARRIOTT INTERNATIONAL -CL A,342.66,26186.0,20.164288,26904.0,12.752073,56.050383,26.870926,29092.659321,14.262244,56.472137,24.025672,30666.087543,26.870926,8.135070327832295,5.408334125248748,20.164288,56.050383,26.870925221334605,2.897798978551691e-08,MAR
CSX Corp,0.38,CSX,CSX US Equity,1FQ,USD,USD,1852.475,Ground Transportation,Industrials,,2026-09-21,CSX CORP,45.99,14092.0,,14512.0,2.19528,38.074383,20.949495,15752.175228,2.437523,38.785408,18.867515,16424.124593,20.949495,8.54586017089305,4.26575603225634,,38.074383,20.949491636602165,1.605479451605163e-07,CSX
Monster Beverage Corp,0.38,MNST,MNST US Equity,1FQ,USD,USD,1959.052,Beverages,Consumer Staples,55.847642,2026-09-21,MONSTER BEVERAGE CORP,44.0,8294.343,55.546452,9218.956,1.271969,55.786648,34.592029,10420.192352,1.449733,56.036454,30.35042,11392.222122,34.592029,13.030069261638744,9.328328471915714,55.546452,55.786648,34.59203801350505,-2.6056588642298095e-07,MNST
Intuit Inc,0.36,INTU,INTU US Equity,1FQ,USD,USD,267.236,Software,Information Technology,80.170645,2026-09-21,INTUIT INC,304.12,21448.0,80.170645,21448.0,23.540785,81.372475,12.918855,23702.652832,27.460603,81.464244,11.074775,25841.899995,12.918855,10.512182170831785,9.025349095574175,80.170645,81.372475,12.918855509703691,-3.945424498219552e-08,INTU
Comcast Corp,0.35,CMCSA,CMCSA US Equity,1FQ,USD,USD,3539.192,Diversified Telecommunication,Communication Services,71.74695,2026-09-21,COMCAST CORP-CLASS A,22.93,123707.0,69.390337,124905.0,3.483471,53.00364,6.582514,118378.366661,3.77458,52.92458,6.074848,120527.528632,6.582514,-5.225277882390622,1.8155023013238125,69.390337,53.00364,6.5825149685471755,-1.4713938067956178e-07,CMCSA
Regeneron Pharmaceuticals Inc,0.35,REGN,REGN US Equity,1FQ,USD,USD,101.1378,Biotechnology,Health Care,85.353729,2026-09-21,REGENERON PHARMACEUTICALS,798.17,14342.9,84.859057,15534.7,58.745452,84.88505,13.586924,18156.180112,66.22005,84.943916,12.053298,19579.060431,13.586924,16.874996697715417,7.836892508350779,84.859057,84.88505,13.586924141804202,-1.0436814190661892e-08,REGN
DoorDash Inc,0.35,DASH,DASH US Equity,1FQ,USD,USD,409.0829,"Hotels, Restaurants & Leisure",Consumer Discretionary,50.878472,2026-09-21,DOORDASH INC - A,193.83,13717.0,51.412749,15891.0,6.547977,53.149966,29.601509,20519.121331,8.887462,53.489576,21.809376,24324.409425,29.601509,29.12416670442388,18.545083059921417,51.412749,53.149966,29.601508985141518,5.01950259135242e-10,DASH
Cintas Corp,0.35,CTAS,CTAS US Equity,1FQ,USD,USD,400.7011,Commercial Services & Supplies,Industrials,50.669455,2026-09-21,CINTAS CORP,196.88,11264.761,50.669455,11264.761,5.695517,51.057655,34.567536,12491.474217,6.348576,51.393828,31.011677,13445.38455,34.567536,10.88982906073197,7.636491229368247,50.669455,51.057655,34.56753794256079,-5.6196099218475126e-08,CTAS
Mondelez International Inc,0.34,MDLZ,MDLZ US Equity,1FQ,USD,USD,1276.308,Food Products,Consumer Staples,28.375328,2026-09-21,MONDELEZ INTERNATIONAL INC-A,60.17,38537.0,31.145558,39675.0,3.272736,34.42177,18.385231,40992.484433,3.557656,35.407286,16.912819,42399.664442,18.385231,3.3206917025834892,3.432775613539518,31.145558,34.42177,18.38522875050111,1.2235359814205538e-07,MDLZ
Cadence Design Systems Inc,0.34,CDNS,CDNS US Equity,1FQ,USD,USD,275.3952,Software,Information Technology,86.364322,2026-09-21,CADENCE DESIGN SYS INC,294.9,5296.759,85.870722,5837.623,9.135701,87.869533,32.279953,6937.465597,10.674198,87.942458,27.627367,7861.407306,32.279953,18.840589688645547,13.318144732848026,85.870722,87.869533,32.27995312018202,-3.7231163707573955e-09,CDNS
Datadog Inc,0.33,DDOG,DDOG US Equity,1FQ,USD,USD,334.9046,Software,Information Technology,79.955491,2026-09-21,DATADOG INC - CLASS A,245.05,3427.158,79.512268,3966.725,2.962184,80.294448,82.726126,5216.301451,3.748218,80.356966,65.377742,6381.756609,82.726126,31.50146407930976,22.34255763298676,79.512268,80.294448,82.72612369792019,2.782772479115181e-08,DDOG
Synopsys Inc,0.32,SNPS,SNPS US Equity,1FQ,USD,USD,191.6366,Software,Information Technology,76.984576,2026-09-21,SYNOPSYS INC,401.85,7054.178,72.375164,9416.465,17.356778,83.490444,23.152339,10590.050122,20.028695,83.814771,20.063714,11889.658463,23.152339,12.46311776234501,12.271975354490205,72.375164,83.490444,23.152338527346497,2.041493574189701e-08,SNPS
Ross Stores Inc,0.32,ROST,ROST US Equity,1FQ,USD,USD,319.4531,Specialty Retail,Consumer Discretionary,27.706146,2026-09-21,ROSS STORES INC,231.25,22750.559,29.668452,24511.798,8.811923,29.134487,26.242852,26865.519113,9.547298,29.117977,24.221513,28535.294287,26.242852,9.602400905066212,6.215309545952574,29.668452,29.134487,26.242853007226685,-3.838099027486663e-08,ROST
Lumentum Holdings Inc,0.32,LITE,LITE US Equity,1FQ,USD,USD,89.7,Communications Equipment,Information Technology,41.668879,2026-09-21,LUMENTUM HOLDINGS INC,954.49,3014.0,41.668879,3014.0,24.308421,52.007625,39.265816,7063.672732,36.967641,52.60879,25.819608,10558.8645,39.265816,134.36206808228266,49.48122457834163,41.668879,52.007625,39.26581656620149,-1.4419704874590877e-08,LITE
O'Reilly Automotive Inc,0.31,ORLY,ORLY US Equity,1FQ,USD,USD,808.9608,Specialty Retail,Consumer Discretionary,51.592313,2026-09-21,O'REILLY AUTOMOTIVE INC,82.88,17781.992,51.635682,18572.562,3.552234,51.895628,23.331798,19964.554541,3.948156,52.046008,20.992076,21206.007369,23.331798,7.494887032817554,6.218284637658722,51.635682,51.895628,23.33179627243025,7.404358104423636e-08,ORLY
Warner Bros Discovery Inc,0.3,WBD,WBD US Equity,1FQ,USD,USD,2510.703,Entertainment,Communication Services,44.002038,2026-09-21,WARNER BROS DISCOVERY INC,30.8,37296.0,47.249065,36115.0,-0.103701,,,36955.112851,0.356698,,86.34744,37777.600448,,2.3262158410632727,2.2256395219687253,47.249065,,-297.0077434161676,,WBD
Airbnb Inc,0.3,ABNB,ABNB US Equity,1FQ,USD,USD,419.5296,"Hotels, Restaurants & Leisure",Consumer Discretionary,82.958909,2026-09-21,AIRBNB INC-CLASS A,166.84,12241.0,82.901436,13159.0,6.003801,83.226751,27.789063,15350.921722,7.375966,83.380519,22.619411,17017.660388,27.789063,16.657205881905913,10.857580386273046,82.901436,83.226751,27.78906229570234,2.5344419674055985e-08,ABNB
Honeywell International Inc,0.29,HON,HON US Equity,1FQ,USD,USD,316.94,Industrial Conglomerates,Industrials,36.934459,2026-09-21,HONEYWELL INTERNATIONAL INC,206.48,37442.0,36.570717,36130.0,9.510701,41.663368,21.710282,20483.613829,10.972874,41.435607,18.817313,21423.911073,21.710282,-43.305801746471076,4.590485115808796,36.570717,41.663368,21.71028192348808,3.5242251339440145e-09,HON
American Electric Power Co Inc,0.29,AEP,AEP US Equity,1FQ,USD,USD,544.3974,Electric Utilities,Utilities,67.859755,2026-09-21,AMERICAN ELECTRIC POWER,120.03,21876.0,67.71657,22789.4,6.73323,71.400766,17.826512,24435.205479,7.364141,73.254198,16.299253,26220.298276,17.826512,7.221802588045323,7.305413488477264,67.71657,71.400766,17.82651119893424,4.4936765863923256e-08,AEP
PACCAR Inc,0.27,PCAR,PCAR US Equity,1FQ,USD,USD,526.365,Machinery,Industrials,17.314588,2026-09-21,PACCAR INC,114.73,28444.8,16.623286,27815.8,6.881314,15.528165,16.672687,31414.611546,7.900336,16.35442,14.522167,33815.996911,16.672687,12.938012014754218,7.64416698733863,16.623286,15.528165,16.672687803521246,-4.819386389964819e-08,PCAR
Monolithic Power Systems Inc,0.26,MPWR,MPWR US Equity,1FQ,USD,USD,49.143,Semiconductors & Semiconductor,Information Technology,55.178772,2026-09-21,MONOLITHIC POWER SYSTEMS INC,1277.68,2790.459,55.195319,3273.158,34.163774,55.916165,37.398679,5085.030083,43.310863,56.299073,29.500221,6262.22352,37.398679,55.355472696399,23.150176454914796,55.195319,55.916165,37.39867849494615,1.3504591001023414e-08,MPWR
Teradyne Inc,0.25,TER,TER US Equity,1FQ,USD,USD,156.3408,Semiconductors & Semiconductor,Information Technology,58.223543,2026-09-21,TERADYNE INC,381.54,3190.024,59.241591,4464.031,10.721602,59.465326,35.586101,5916.37205,13.845076,59.654882,27.557811,7191.183024,35.586101,32.534295796780974,21.54717389688161,59.241591,59.465326,35.586099913054035,3.054411612524177e-08,TER
NXP Semiconductors NV,0.25,NXPI,NXPI US Equity,1FQ,USD,USD,252.4711,Semiconductors & Semiconductor,Information Technology,54.739588,2026-09-21,NXP SEMICONDUCTORS NV,232.41,12269.0,56.003034,13185.0,17.358628,59.151245,13.388731,15493.872877,20.430683,60.165908,11.375537,17006.772388,13.388731,17.51136046264694,9.764501897042388,56.003034,59.151245,13.388730952699719,3.532842685061155e-09,NXPI
Baker Hughes Co,0.25,BKR,BKR US Equity,1FQ,USD,USD,992.6741,Energy Equipment & Services,Energy,23.596437,2026-09-21,BAKER HUGHES CO,57.83,27733.0,23.570784,27725.0,2.896299,23.537644,19.966862,30625.384902,3.473137,24.886191,16.650651,33038.33785,19.966862,10.461262045085661,7.8789310100798815,23.570784,23.537644,19.966861156254932,4.2257271237744476e-08,BKR
Fastenal Co,0.25,FAST,FAST US Equity,1FQ,USD,USD,1147.498,Trading Companies & Distributo,Industrials,45.01189,2026-09-21,FASTENAL CO,49.65,8200.5,44.700719,8749.3,1.365402,44.304973,36.362909,9949.335214,1.4985,44.098282,33.133133,10818.027943,36.362909,13.715785422833848,8.731163543244925,44.700719,44.304973,36.36291729468684,-2.281083987254462e-07,FAST
Diamondback Energy Inc,0.24,FANG,FANG US Equity,1FQ,USD,USD,280.0244,"Oil, Gas & Consumable Fuels",Energy,35.930821,2026-09-21,DIAMONDBACK ENERGY INC,189.27,15207.0,37.853206,17235.0,18.787421,79.824387,10.074294,18030.950685,18.594366,79.312015,10.178889,17884.884471,10.074294,4.618222715404707,-0.8100860379009922,37.853206,79.824387,10.074293858640845,1.4031668937874997e-08,FANG
PDD Holdings Inc,0.23,PDD,PDD US Equity,1FQ,USD,CNY,1423.396,Broadline Retail,Consumer Discretionary,56.280276,2026-09-21,PDD HOLDINGS INC,79.295,431845.713,56.318471,450775.706,78.689418,56.612253,6.745415,504598.177104,90.072752,57.191,5.892934,555949.443847,6.745415,11.939967125025142,10.17666513139548,56.318471,56.612253,1.0076958505399036,5.693899748010216,PDD
Astera Labs Inc,0.23,ALAB,ALAB US Equity,1FQ,USD,USD,173.4851,Semiconductors & Semiconductor,Information Technology,75.68822,2026-09-21,ASTERA LABS INC,340.74,852.525,75.129439,1201.919,5.79869,71.386437,58.761551,2775.124792,7.769176,70.663592,43.857935,3754.648989,58.761551,130.89116587723467,35.29658197079015,75.129439,71.386437,58.761547866845795,5.331980368339373e-08,ALAB
Honeywell Aerospace Inc,0.23,HONA,HONA US Equity,1FQ,USD,USD,316.9527,Aerospace & Defense,Industrials,34.836819,2026-09-21,HONEYWELL AEROSPACE INC,169.03,17404.0,34.836819,17404.0,8.547996,39.549483,19.774225,19389.752511,9.794195,39.649653,17.258183,20971.772686,19.774225,11.409747822339678,8.15905295388637,34.836819,39.549483,19.774225444185983,-2.2462876447804092e-08,HONA
Strategy Inc,0.22,MSTR,MSTR US Equity,1FQ,USD,USD,364.5855,Software,Information Technology,68.690975,2026-09-21,STRATEGY INC,168.5,477.233,67.600753,498.348,11.246605,66.103077,14.982299,508.294521,19.973248,63.457763,8.436284,522.011612,14.982299,1.9958986491367403,2.698650178839923,67.600753,66.103077,14.982299102706994,-6.855222611790168e-09,MSTR
Nebius Group NV,0.22,NBIS,NBIS US Equity,1FQ,USD,USD,254.2002,Software,Information Technology,68.629672,2026-09-21,NEBIUS GROUP NV,232.8,529.8,74.260202,1355.1,-2.734789,74.059326,,9781.010273,-1.709729,75.017584,,21454.278115,,621.7925077854034,119.34623843738805,74.260202,74.059326,-85.12539724271232,,NBIS
PayPal Holdings Inc,0.2,PYPL,PYPL US Equity,1FQ,USD,USD,855.4609,Financial Services,Financials,51.80574,2026-09-21,PAYPAL HOLDINGS INC,52.62,33172.0,50.583099,34128.0,5.669402,44.114149,9.281402,35801.658171,6.148179,43.000523,8.558631,37390.343724,9.281402,4.904061682489469,4.437463609679559,50.583099,44.114149,9.281402165519397,-1.7833447385484646e-08,PYPL
Autodesk Inc,0.2,ADSK,ADSK US Equity,1FQ,USD,USD,209.0,Software,Information Technology,90.979739,2026-09-21,AUTODESK INC,218.85,7206.0,91.245186,7790.0,13.61387,92.860172,16.075517,8908.222582,15.613969,92.812405,14.016295,9866.434728,16.075517,14.354590269576395,10.756490839554989,91.245186,92.860172,16.075517101309178,-6.302078858766436e-09,ADSK
Xcel Energy Inc,0.2,XEL,XEL US Equity,1FQ,USD,USD,624.6343,Electric Utilities,Utilities,65.825891,2026-09-21,XCEL ENERGY INC,71.85,14669.0,67.569787,14616.0,4.413326,67.87349,16.28024,16833.211187,4.854061,70.357156,14.802039,18400.076671,16.28024,15.16975360563766,9.308179328315337,67.569787,67.87349,16.280238532118407,9.0163395860543e-08,XEL
Coca-Cola Europacific Partners PLC,0.19,CCEP,CCEP US Equity,1FQ,USD,EUR,440.9839,Beverages,Consumer Staples,35.596383,2026-09-21,COCA-COLA EUROPACIFIC PARTNE,100.53,20901.0,35.55337,21351.0,4.795529,35.573893,18.278208,22196.747657,5.231847,35.621859,16.753867,23072.043357,18.278208,3.96116180506767,3.943351132002282,35.55337,35.573893,20.963276418513995,-0.12808438742632056,CCEP
Exelon Corp,0.19,EXC,EXC US Equity,1FQ,USD,USD,1023.175,Electric Utilities,Utilities,64.271581,2026-09-21,EXELON CORP,41.98,24258.0,63.535497,25326.0,2.994418,64.662261,14.019421,25991.565508,3.197046,65.982061,13.130872,26784.073918,14.019421,2.627993003237772,3.0490984075432825,63.535497,64.662261,14.019418798577886,1.5702663169747666e-07,EXC
Keurig Dr Pepper Inc,0.18,KDP,KDP US Equity,1FQ,USD,USD,1360.826,Beverages,Consumer Staples,54.201048,2026-09-21,KEURIG DR PEPPER INC,30.62,16603.0,49.392733,20090.0,2.468034,47.355234,12.406634,28980.169711,2.67234,47.429721,11.458124,30690.861479,12.406634,44.251715833748115,5.902973602499895,49.392733,47.355234,12.406636213277451,-1.7839464405700056e-07,KDP
Paychex Inc,0.18,PAYX,PAYX US Equity,1FQ,USD,USD,355.9805,Professional Services,Industrials,74.285934,2026-09-21,PAYCHEX INC,115.01,6512.0,74.285934,6512.0,6.098966,74.909,18.857296,6978.386338,6.561489,75.286981,17.528035,7374.096015,18.857296,7.161952364864876,5.670504008143085,74.285934,74.909,18.857294826696855,6.222011994516663e-08,PAYX
IDEXX Laboratories Inc,0.18,IDXX,IDXX US Equity,1FQ,USD,USD,78.78112,Health Care Equipment & Suppli,Health Care,61.797471,2026-09-21,IDEXX LABORATORIES INC,515.3,4303.702,62.445744,4553.223,16.191912,63.164989,31.824531,5023.634051,18.299546,63.564092,28.159169,5468.00634,31.824531,10.33138616316398,8.845634146291847,62.445744,63.164989,31.82453066691568,1.0466275845999462e-08,IDXX
Microchip Technology Inc,0.17,MCHP,MCHP US Equity,1FQ,USD,USD,543.0087,Semiconductors & Semiconductor,Information Technology,57.734824,2026-09-21,MICROCHIP TECHNOLOGY INC,74.78,4713.1,60.193663,5122.3,4.092165,66.082556,18.273947,6877.185371,4.918611,66.350084,15.20348,7786.284378,18.273947,34.25971479608769,13.219056313845012,60.193663,66.082556,18.27394545430109,8.458484868079097e-08,MCHP
Ferrovial NV,0.17,FER,FER US Equity,1FQ,USD,EUR,729.5554,Construction & Engineering,Industrials,,2026-09-21,FERROVIAL NV,55.95,9627.0,,9858.0,1.084605,,44.978273,10494.496312,1.263782,,38.601325,10980.250039,44.978273,6.456647514708869,4.628652129255251,,,51.58560028766233,-0.12808472230268098,FER
Workday Inc,0.17,WDAY,WDAY US Equity,1FQ,USD,USD,196.0,Software,Information Technology,75.701424,2026-09-21,WORKDAY INC-CLASS A,191.92,9552.0,75.795175,10155.0,12.480946,79.468533,15.377039,11376.30722,14.648756,79.756527,13.101454,12582.703962,15.377039,12.026658985721328,10.604466973950078,75.795175,79.468533,15.377039528894684,-3.439509166369703e-08,WDAY
Take-Two Interactive Software Inc,0.17,TTWO,TTWO US Equity,1FQ,USD,USD,186.9804,Entertainment,Communication Services,57.23364,2026-09-21,TAKE-TWO INTERACTIVE SOFTWRE,209.92,6656.4,56.041277,6686.5,8.477123,64.89682,24.763119,8855.101835,10.379664,66.989344,20.224161,9320.587266,24.763119,32.432540716368784,5.256692014090203,56.041277,64.89682,24.763118336256294,2.6803720576396017e-08,TTWO
Roper Technologies Inc,0.16,ROP,ROP US Equity,1FQ,USD,USD,98.90087,Software,Information Technology,69.24391,2026-09-21,ROPER TECHNOLOGIES INC,365.4,7902.5,69.525259,8280.3,23.697908,69.857678,15.419083,8941.512938,26.315374,70.480851,13.885419,9513.176598,15.419083,7.985374177264126,6.39336613349315,69.525259,69.857678,15.419082562055687,2.8402747931366434e-08,ROP
Rocket Lab Corp,0.16,RKLB,RKLB US Equity,1FQ,USD,USD,598.3505,Aerospace & Defense,Industrials,34.426943,2026-09-21,ROCKET LAB CORP,69.89,601.799,37.264056,769.146,-0.12382,38.577989,,1278.639807,0.15679,41.855092,445.755252,1732.214472,,66.24149472271846,35.47321634418659,37.264056,38.577989,-564.4483928282991,,RKLB
CoreWeave Inc,0.16,CRWV,CRWV US Equity,1FQ,USD,USD,458.8717,IT Services,Information Technology,43.363867,2026-09-21,COREWEAVE INC-CL A,85.43,5131.0,67.418583,7589.676,-2.376663,69.799084,,22848.700448,0.571073,71.529641,149.595712,38258.314817,,201.0497476835638,67.4419729212601,67.418583,69.799084,-35.94535699844698,,CRWV
Axon Enterprise Inc,0.16,AXON,AXON US Equity,1FQ,USD,USD,81.23742,Aerospace & Defense,Industrials,59.654741,2026-09-21,AXON ENTERPRISE INC,452.06,2779.536,59.407182,3219.099,9.795762,62.075655,46.148526,4515.509733,13.102725,63.27413,34.50122,5821.811767,46.148526,40.27247167608079,28.92922640501372,59.407182,62.075655,46.14852831254986,-5.011102077734364e-08,AXON
Old Dominion Freight Line Inc,0.16,ODFL,ODFL US Equity,1FQ,USD,USD,207.3566,Ground Transportation,Industrials,33.028303,2026-09-21,OLD DOMINION FREIGHT LINE,175.36,5496.389,33.635139,5602.507,6.435939,75.900241,27.246997,6256.880881,7.360191,76.46084,23.825469,6781.983268,27.246997,11.680018980788432,8.392398656566336,33.635139,75.900241,27.246995349085815,6.059068780039922e-08,ODFL
Thomson Reuters Corp,0.16,TRI,TRI US Equity,1FQ,USD,USD,435.6155,Professional Services,Industrials,,2026-09-21,THOMSON REUTERS CORP,95.43,7476.0,,7832.0,4.900556,40.645142,19.473302,8541.98892,5.562321,41.591088,17.156508,9260.016883,19.473302,9.065231358529102,8.405863900371347,,40.645142,19.473300580587185,7.289020209633179e-08,TRI
Dexcom Inc,0.15,DXCM,DXCM US Equity,1FQ,USD,USD,377.3608,Health Care Equipment & Suppli,Health Care,60.100815,2026-09-21,DEXCOM INC,89.17,4662.0,62.472833,4969.2,2.9839,64.630739,29.883705,5646.46137,3.534725,65.86992,25.226855,6278.903226,29.883705,13.629183168316828,11.200676221043548,62.472833,64.630739,29.883709239585777,-1.4186946284411306e-07,DXCM
Alnylam Pharmaceuticals Inc,0.14,ALNY,ALNY US Equity,1FQ,USD,USD,133.8091,Biotechnology,Health Care,81.640211,2026-09-21,ALNYLAM PHARMACEUTICALS INC,244.32,3713.937,79.654185,4804.182,10.23718,76.587943,23.865947,6546.993912,13.684733,75.825817,17.853472,7953.943192,23.865947,36.27697518536974,21.49000440371878,79.654185,76.587943,23.865947458186724,-1.919834635710771e-08,ALNY
GE HealthCare Technologies Inc,0.13,GEHC,GEHC US Equity,1FQ,USD,USD,451.6863,Health Care Equipment & Suppli,Health Care,39.990303,2026-09-21,GE HEALTHCARE TECHNOLOGY,64.81,20625.0,39.53543,21267.0,5.245264,40.600268,12.355907,22446.700152,5.823531,40.942824,11.128988,23529.164998,12.355907,5.547092453096347,4.8223785174212,39.53543,40.600268,12.355908110630848,-8.988662247855217e-08,GEHC
Copart Inc,0.12,CPRT,CPRT US Equity,1FQ,USD,USD,925.8115,Commercial Services & Supplies,Industrials,44.65848,2026-09-21,COPART INC,28.91,4666.209,44.65848,4666.209,1.65113,44.61867,17.509218,4953.003133,1.79171,45.294977,16.135424,5338.651388,17.509218,6.146191330049744,7.786150031494432,44.65848,44.61867,17.509220957768317,-1.689263230408855e-07,CPRT
