date,hynix_trailing,hynix_forward,hynix_px,hynix_1bf_eps,kospi_trailing,kospi_forward,kospi_px,kospi_1bf_eps,rel_trailing,rel_forward
2016-01-04,5.0367,6.399,30150.0,4711.372,16.8716,10.378,1918.76,184.8867,0.2985,0.6166
2016-01-11,4.7861,6.2,28650.0,4621.034,16.6613,10.3235,1894.84,183.5458,0.2873,0.6006
2016-01-18,4.4603,5.986,26700.0,4460.646,16.5167,10.2936,1878.45,182.4868,0.27,0.5815
2016-01-25,4.6775,6.461,28000.0,4333.412,16.6485,10.437,1893.43,181.4158,0.281,0.619
2016-02-01,4.7443,7.589,28400.0,3742.24,17.0038,10.9209,1924.82,176.2511,0.279,0.6949
2016-02-08,4.6942,7.508,28100.0,3747.975,13.0262,10.7723,1917.79,178.0303,0.3604,0.697
2016-02-15,4.6274,7.372,27700.0,3757.608,12.6925,10.4988,1862.2,177.3725,0.3646,0.7022
2016-02-22,4.9949,7.991,29900.0,3741.511,13.0975,10.7801,1916.36,177.7685,0.3814,0.7413
2016-02-29,5.0116,8.038,30000.0,3732.15,13.1613,10.8049,1916.66,177.3887,0.3808,0.7439
2016-03-07,5.329,8.565,31900.0,3724.35,13.8917,11.0355,1957.87,177.4152,0.3836,0.7761
2016-03-14,5.0701,8.384,30350.0,3619.85,15.3717,11.0847,1972.27,177.9267,0.3298,0.7564
2016-03-21,4.9364,8.334,29550.0,3545.871,16.1503,11.1814,1989.76,177.9527,0.3057,0.7453
2016-03-28,4.7694,8.299,28550.0,3440.285,16.1961,11.118,1982.54,178.3179,0.2945,0.7464
2016-04-04,5.7703,8.498,27900.0,3283.175,16.16,10.9873,1978.97,180.1137,0.3571,0.7734
2016-04-11,5.6152,8.708,27150.0,3117.781,16.0934,10.8398,1970.37,181.7726,0.3489,0.8033
2016-04-18,5.6255,8.889,27200.0,3059.925,16.4097,11.0071,2009.1,182.5282,0.3428,0.8076
2016-04-25,5.6876,8.954,27500.0,3071.269,16.4542,10.8844,2014.55,185.0855,0.3457,0.8226
2016-05-02,5.76,10.081,27850.0,2762.568,16.1703,10.5293,1978.15,187.8715,0.3562,0.9574
2016-05-09,5.3256,9.287,25750.0,2772.554,16.0858,10.4635,1967.81,188.0641,0.3311,0.8876
2016-05-16,5.398,9.401,26100.0,2776.352,15.992,10.3625,1967.91,189.9066,0.3375,0.9072
2016-05-23,5.6255,9.805,27200.0,2774.184,15.8927,10.2574,1955.25,190.618,0.354,0.9559
2016-05-30,5.9978,10.457,29000.0,2773.387,16.0058,10.3242,1967.13,190.5365,0.3747,1.0129
2016-06-06,5.7083,10.129,27600.0,2728.138,16.161,10.3843,1985.84,191.2351,0.3532,0.9754
2016-06-13,5.8634,10.352,28350.0,2738.577,16.1059,10.3066,1979.06,192.0181,0.3641,1.0044
2016-06-20,6.215,11.158,30050.0,2693.08,16.1466,10.3011,1981.12,192.3212,0.3849,1.0832
2016-06-27,6.6286,11.946,32050.0,2682.879,15.7077,10.0039,1926.85,192.6103,0.422,1.1941
2016-07-04,8.8083,12.075,32750.0,2712.229,16.2693,10.2773,1995.3,194.1457,0.5414,1.1749
2016-07-11,8.6066,11.848,32000.0,2700.984,16.2142,10.1903,1988.54,195.1414,0.5308,1.1627
2016-07-18,8.8083,12.089,32750.0,2708.994,16.4801,10.3742,2021.11,194.8204,0.5345,1.1653
2016-07-25,8.741,11.956,32500.0,2718.398,16.4081,10.3172,2012.32,195.0449,0.5327,1.1588
2016-08-01,9.3731,12.98,34850.0,2684.859,16.5505,10.2434,2029.61,198.1381,0.5663,1.2672
2016-08-08,9.4,12.962,34950.0,2696.407,16.5628,10.204,2031.12,199.0506,0.5675,1.2703
2016-08-15,9.2386,12.732,34350.0,2701.178,13.8925,10.2614,2050.47,199.8227,0.665,1.2408
2016-08-22,9.6824,13.271,36000.0,2712.642,16.3743,10.2051,2042.16,200.1118,0.5913,1.3004
2016-08-29,9.7496,13.182,36250.0,2749.876,16.3141,10.1385,2032.35,200.4585,0.5976,1.3002
2016-09-05,10.0858,13.465,37500.0,2785.034,16.5363,10.2565,2060.08,200.8554,0.6099,1.3128
2016-09-12,9.9513,12.737,37000.0,2904.984,15.9847,9.9163,1991.48,200.8282,0.6226,1.2845
2016-09-19,10.543,12.994,39200.0,3016.729,16.1876,10.0317,2015.78,200.9414,0.6513,1.2953
2016-09-26,10.6237,12.07,39500.0,3272.616,16.4485,10.1242,2047.11,202.2005,0.6459,1.1922
2016-10-03,12.9465,11.955,40200.0,3498.369,16.4093,10.1097,2043.63,202.1464,0.789,1.1825
2016-10-10,13.3007,11.146,41300.0,3705.364,16.5152,10.1015,2056.82,203.6147,0.8054,1.1034
2016-10-17,13.6228,11.259,42300.0,3756.945,16.2807,10.0318,2027.61,202.118,0.8367,1.1223
2016-10-24,12.9304,10.531,40150.0,3812.557,16.442,10.1344,2047.74,202.059,0.7864,1.0391
2016-10-31,13.2041,9.271,41000.0,4422.35,16.1244,9.917,2008.19,202.5005,0.8189,0.9349
2016-11-07,13.3651,9.228,41500.0,4497.062,16.0392,9.8642,1997.58,202.5086,0.8333,0.9355
2016-11-14,12.7854,8.743,39700.0,4540.99,14.7958,9.6694,1974.4,204.1896,0.8641,0.9042
2016-11-21,13.1236,8.862,40750.0,4598.427,14.7356,9.6492,1966.05,203.753,0.8906,0.9184
2016-11-28,13.7194,8.979,42600.0,4744.33,14.8301,9.7412,1978.13,203.0688,0.9251,0.9218
2016-12-05,14.2991,9.109,44400.0,4874.184,14.7323,9.6525,1963.36,203.4053,0.9706,0.9437
2016-12-12,14.5889,9.001,45300.0,5032.737,15.2108,9.9235,2027.24,204.2874,0.9591,0.907
2016-12-19,14.5406,8.587,45150.0,5258.005,15.2983,9.9213,2038.39,205.4566,0.9505,0.8655
2016-12-26,14.7016,8.408,45650.0,5429.319,15.2935,9.8538,2037.75,206.7985,0.9613,0.8533
2017-01-02,10.9791,8.155,45800.0,5615.998,15.2068,9.7528,2026.16,207.7516,0.722,0.8362
2017-01-09,11.8781,8.45,49550.0,5863.85,15.3766,9.6875,2048.78,211.4879,0.7725,0.8723
2017-01-16,11.8182,7.813,49300.0,6309.611,15.4822,9.6786,2064.17,213.2712,0.7633,0.8072
2017-01-23,12.1777,7.743,50800.0,6560.564,15.4947,9.6122,2065.99,214.9342,0.7859,0.8055
2017-01-30,12.777,6.617,53300.0,8652.33,15.6267,9.4954,2083.59,219.4307,0.8176,0.6969
2017-02-06,12.8729,6.042,53700.0,8887.705,15.5926,9.4738,2077.66,219.3062,0.8256,0.6378
2017-02-13,12.1538,5.609,50700.0,9039.688,11.1692,9.4158,2078.65,220.7618,1.0882,0.5957
2017-02-20,11.962,5.412,49900.0,9220.788,11.352,9.4172,2084.39,221.3389,1.0537,0.5747
2017-02-27,11.0271,4.992,46000.0,9214.604,11.3836,9.4061,2085.52,221.7209,0.9687,0.5307
2017-03-06,11.8301,5.355,49350.0,9215.716,11.8103,9.3724,2081.36,222.0737,1.0017,0.5714
2017-03-13,12.2257,5.513,51000.0,9250.56,12.305,9.4784,2117.59,223.413,0.9936,0.5816
2017-03-20,11.4106,5.041,47600.0,9443.468,13.8264,9.6143,2157.01,224.3546,0.8253,0.5243
2017-03-27,12.1538,5.226,50700.0,9701.088,14.0925,9.4888,2155.66,227.1793,0.8624,0.5508
2017-04-03,8.3139,5.242,51800.0,9881.749,14.6696,9.4228,2167.51,230.0278,0.5667,0.5563
2017-04-10,7.8645,4.9,49000.0,9999.777,14.4381,9.1785,2133.32,232.4266,0.5447,0.5339
2017-04-17,7.8966,4.88,49200.0,10082.651,14.5277,9.1607,2145.76,234.2365,0.5436,0.5327
2017-04-24,8.4102,5.122,52400.0,10231.228,14.7172,9.1928,2173.74,236.462,0.5715,0.5572
2017-05-01,8.667,4.673,54000.0,11577.639,14.933,9.0394,2205.44,243.9808,0.5804,0.517
2017-05-08,9.1324,4.887,56900.0,11642.193,15.5243,9.422,2292.76,243.341,0.5883,0.5187
2017-05-15,8.9238,4.786,55600.0,11617.988,15.5789,9.4446,2290.65,242.5353,0.5728,0.5067
2017-05-22,8.988,4.819,56000.0,11621.144,15.6726,9.4893,2304.03,242.8018,0.5735,0.5078
2017-05-29,9.2929,4.977,57900.0,11633.587,16.0047,9.4768,2352.97,248.2873,0.5806,0.5252
2017-06-05,9.004,4.827,56100.0,11620.956,16.1294,9.4845,2368.62,249.735,0.5582,0.5089
2017-06-12,9.2287,4.897,57500.0,11741.734,16.0635,9.3991,2357.87,250.862,0.5745,0.521
2017-06-19,10.0794,5.223,62800.0,12024.281,16.1609,9.4075,2370.9,252.0235,0.6237,0.5552
2017-06-26,10.8337,5.446,67500.0,12394.603,16.2885,9.4402,2388.66,253.0315,0.6651,0.5769
2017-07-03,7.1118,5.247,66300.0,12634.848,14.4633,9.4017,2394.48,254.686,0.4917,0.5581
2017-07-10,7.2191,5.192,67300.0,12962.533,14.3885,9.2451,2382.1,257.6603,0.5017,0.5616
2017-07-17,7.6374,5.462,71200.0,13036.592,14.6483,9.444,2425.1,256.7874,0.5214,0.5784
2017-07-24,7.8305,5.601,73000.0,13033.827,14.8079,9.5137,2451.53,257.6848,0.5288,0.5887
2017-07-31,7.0796,4.682,66000.0,14095.26,14.5132,9.2355,2402.71,260.1603,0.4878,0.507
2017-08-07,6.8758,4.501,64100.0,14240.891,14.4892,9.195,2398.75,260.8746,0.4745,0.4895
2017-08-14,6.9831,4.559,65100.0,14278.748,15.3268,8.9381,2334.22,261.1533,0.4556,0.5101
2017-08-21,7.2083,4.719,67200.0,14239.976,15.4612,9.0129,2355.0,261.292,0.4662,0.5236
2017-08-28,7.2834,4.767,67900.0,14243.063,15.5604,9.0396,2370.3,262.2138,0.4681,0.5273
2017-09-04,7.3049,4.772,68100.0,14269.967,15.3653,8.8663,2329.65,262.7524,0.4754,0.5382
2017-09-11,7.9163,5.148,73800.0,14334.631,15.5609,8.944,2359.08,263.7615,0.5087,0.5756
2017-09-18,8.5492,5.418,79700.0,14710.946,15.9517,9.1153,2418.21,265.2918,0.5359,0.5944
2017-09-25,9.2571,5.728,86300.0,15066.404,15.7086,8.9428,2380.4,266.1798,0.5893,0.6405
2017-10-02,6.4748,5.479,82900.0,15134.031,13.6351,8.9408,2394.47,267.8133,0.4749,0.6128
2017-10-09,,,,15264.805,13.6351,8.8861,,269.461,,
2017-10-16,6.5763,5.447,84200.0,15458.938,14.1224,9.1378,2480.05,271.4043,0.4657,0.5961
2017-10-23,6.6154,5.439,84700.0,15572.588,14.1793,9.1818,2490.05,271.1954,0.4666,0.5924
2017-10-30,6.2326,4.95,79800.0,16119.795,14.247,9.1666,2501.93,272.9406,0.4375,0.54
2017-11-06,6.5216,5.101,83500.0,16367.839,14.5173,9.2066,2549.41,276.912,0.4492,0.5541
2017-11-13,6.4279,5.003,82300.0,16449.05,14.4088,9.1526,2530.35,276.4632,0.4461,0.5466
2017-11-20,6.4123,4.965,82100.0,16534.768,16.6336,9.1143,2527.67,277.3302,0.3855,0.5447
2017-11-27,6.4904,4.992,83100.0,16646.462,16.502,9.0066,2507.81,278.4424,0.3933,0.5543
2017-12-04,6.178,4.698,79100.0,16836.557,16.5191,8.968,2501.67,278.9549,0.374,0.5239
2017-12-11,6.1467,4.611,78700.0,17067.524,16.322,8.8273,2471.49,279.9835,0.3766,0.5224
2017-12-18,6.0296,4.495,77200.0,17176.537,16.391,8.874,2481.88,279.6795,0.3679,0.5065
2017-12-25,5.9905,4.429,76700.0,17325.569,16.1179,8.6898,2440.54,280.8521,0.3717,0.5097
2018-01-01,5.0753,4.408,76500.0,17355.086,12.9752,8.7492,2467.49,282.0258,0.3912,0.5038
2018-01-08,5.1881,4.442,78200.0,17603.935,13.216,8.936,2513.28,281.254,0.3926,0.4971
2018-01-15,4.8232,4.122,72700.0,17635.274,13.1657,8.8309,2503.73,283.5199,0.3663,0.4668
2018-01-22,4.717,4.041,71100.0,17593.675,13.1575,8.858,2502.11,282.4676,0.3585,0.4562
2018-01-29,4.9957,4.045,75300.0,18617.772,13.6627,9.1948,2598.19,282.5706,0.3656,0.4399
2018-02-05,4.6573,3.803,70200.0,18460.915,13.11,8.9098,2491.75,279.6646,0.3552,0.4268
2018-02-12,4.9426,4.097,74500.0,18184.975,10.0414,8.6527,2385.38,275.6805,0.4922,0.4735
2018-02-19,5.0753,4.217,76500.0,18138.966,10.189,8.9282,2442.82,273.6072,0.4981,0.4723
2018-02-26,5.1416,4.268,77500.0,18158.937,10.3214,8.9654,2457.65,274.1261,0.4981,0.4761
2018-03-05,5.1947,4.273,78300.0,18325.261,10.4608,8.6434,2375.06,274.7829,0.4966,0.4944
2018-03-12,5.6326,4.629,84900.0,18342.831,11.4011,9.0781,2484.12,273.6384,0.494,0.5099
2018-03-19,5.9643,4.869,89900.0,18464.16,11.4891,9.0594,2475.03,273.1989,0.5191,0.5375
2018-03-26,5.5729,4.508,84000.0,18635.578,11.5593,8.9045,2437.08,273.692,0.4821,0.5063
2018-04-02,4.8378,4.367,81300.0,18615.089,11.6497,8.915,2444.16,274.1619,0.4153,0.4898
2018-04-09,4.7962,4.323,80600.0,18646.257,11.6539,8.8727,2444.08,275.461,0.4116,0.4872
2018-04-16,4.9985,4.49,84000.0,18706.361,11.7178,8.9383,2457.49,274.9381,0.4266,0.5023
2018-04-23,5.0223,4.461,84400.0,18917.41,11.797,9.0214,2474.11,274.2485,0.4257,0.4945
2018-04-30,5.0283,4.139,84500.0,20414.38,11.9938,9.0905,2515.38,276.7035,0.4192,0.4553
2018-05-07,4.939,4.069,83000.0,20389.606,11.7363,8.9222,2461.38,275.8724,0.4208,0.4561
2018-05-14,5.0818,4.194,85400.0,20364.825,11.8066,8.9378,2476.11,277.0381,0.4304,0.4692
2018-05-21,5.302,4.381,89100.0,20340.031,12.3767,8.8474,2465.57,278.6768,0.4284,0.4952
2018-05-28,5.6233,4.652,94500.0,20311.661,12.4328,8.8999,2478.96,278.5388,0.4523,0.5227
2018-06-04,5.3436,4.356,89800.0,20616.033,12.2717,8.7987,2447.76,278.1971,0.4354,0.4951
2018-06-11,5.3079,4.317,89200.0,20664.445,12.3839,8.8584,2470.15,278.8483,0.4286,0.4873
2018-06-18,4.9985,4.053,84000.0,20725.637,11.9166,8.5493,2376.24,277.9453,0.4195,0.4741
2018-06-25,5.0461,3.978,84800.0,21319.39,11.8264,8.4898,2357.88,277.7295,0.4267,0.4686
2018-07-02,4.3053,3.906,83700.0,21427.091,11.4581,8.2069,2271.54,276.7828,0.3757,0.4759
2018-07-09,4.5059,4.082,87600.0,21457.755,11.5302,8.3063,2285.8,275.1899,0.3908,0.4914
2018-07-16,4.5934,4.101,89300.0,21774.718,11.6119,8.3703,2301.99,275.0204,0.3956,0.4899
2018-07-23,4.2025,3.843,81700.0,21258.334,11.4471,8.2608,2269.31,274.7087,0.3671,0.4652
2018-07-30,4.4185,3.857,85900.0,22272.311,11.5691,8.3572,2293.51,274.4357,0.3819,0.4615
2018-08-06,4.0842,3.57,79400.0,22238.539,11.5337,8.3056,2286.5,275.2946,0.3541,0.4298
2018-08-13,3.8784,3.394,75400.0,22218.566,11.3417,8.1415,2248.45,276.1731,0.342,0.4169
2018-08-20,3.8424,3.361,74700.0,22225.87,11.3163,8.1365,2247.88,276.2724,0.3395,0.4131
2018-08-27,4.295,3.758,83500.0,22218.317,11.5786,8.3497,2299.3,275.3738,0.3709,0.4501
2018-09-03,4.1459,3.628,80600.0,22216.55,11.6098,8.3599,2307.03,275.9635,0.3571,0.434
2018-09-10,3.935,3.477,76500.0,22004.606,11.5178,8.2504,2288.66,277.4007,0.3416,0.4214
2018-09-17,3.971,3.517,77200.0,21951.793,11.5923,8.31,2303.01,277.1375,0.3426,0.4232
2018-09-24,3.9453,3.514,76700.0,21818.857,11.7756,8.4612,2339.17,276.4575,0.335,0.4153
2018-10-01,3.3736,3.411,73700.0,21604.323,11.7379,8.4651,2338.88,276.2955,0.2874,0.4029
2018-10-08,3.2592,3.291,71200.0,21636.831,11.3111,8.1886,2253.83,275.2389,0.2881,0.4019
2018-10-15,3.218,3.282,70300.0,21416.825,10.7655,7.8653,2145.12,272.7307,0.2989,0.4173
2018-10-22,3.2042,3.27,70000.0,21406.082,10.8488,7.9543,2161.71,271.7668,0.2954,0.4111
2018-10-29,3.0578,3.279,66800.0,20369.039,10.0174,7.5148,1996.05,265.6157,0.3052,0.4363
2018-11-05,3.2271,3.488,70500.0,20210.614,10.4233,7.9597,2076.92,260.9285,0.3096,0.4382
2018-11-12,3.4102,3.706,74500.0,20103.073,10.441,8.0167,2080.44,259.5149,0.3266,0.4623
2018-11-19,3.1951,3.493,69800.0,19984.743,10.2615,8.0706,2100.56,260.2717,0.3114,0.4328
2018-11-26,3.2454,3.591,70900.0,19743.692,10.1767,8.0208,2083.02,259.7034,0.3189,0.4477
2018-12-03,3.2271,3.666,70500.0,19228.663,10.4109,8.3163,2131.93,256.3561,0.31,0.4408
2018-12-10,2.9983,3.536,65500.0,18521.669,10.0294,8.0972,2053.79,253.6406,0.299,0.4367
2018-12-17,2.8472,3.625,62200.0,17157.793,10.1139,8.2977,2071.09,249.5986,0.2815,0.4369
2018-12-24,2.7648,3.695,60400.0,16345.671,10.0354,8.3425,2055.01,246.3313,0.2755,0.4429
2018-12-31,2.7223,3.766,60500.0,15878.002,9.9672,8.2939,2041.04,246.0907,0.2731,0.4541
2019-01-07,2.6413,3.85,58700.0,15246.255,9.9702,8.3547,2037.1,243.8274,0.2649,0.4608
2019-01-14,2.7943,4.392,62100.0,14139.279,10.1044,8.8659,2064.52,232.8605,0.2765,0.4954
2019-01-21,3.0148,4.699,67000.0,14259.258,10.3985,9.1708,2124.61,231.6719,0.2899,0.5124
2019-01-28,3.2307,6.675,71800.0,10756.943,10.6566,9.6715,2177.3,225.1243,0.3032,0.6902
2019-02-04,3.4152,7.034,75900.0,10812.083,10.7852,10.1031,2203.46,218.0966,0.3167,0.6962
2019-02-11,3.3342,6.819,74100.0,10865.951,10.6754,10.0603,2180.73,216.7659,0.3123,0.6778
2019-02-18,3.3612,6.84,74700.0,10921.417,8.7663,10.2244,2210.89,216.2367,0.3834,0.669
2019-02-25,3.3927,6.94,75400.0,10865.063,8.8954,10.3176,2232.56,216.3835,0.3814,0.6726
2019-03-04,3.1542,6.529,70100.0,10736.112,9.3248,10.1502,2190.66,215.8254,0.3383,0.6432
2019-03-11,2.9968,6.785,66600.0,9815.344,9.1945,9.9706,2138.1,214.4408,0.3259,0.6805
2019-03-18,3.0507,7.466,67800.0,9081.047,10.5938,10.3199,2179.49,211.1932,0.288,0.7235
2019-03-25,3.2802,8.539,72900.0,8537.576,10.7677,10.2872,2144.86,208.4985,0.3046,0.8301
2019-04-01,3.9452,9.92,76600.0,7721.838,10.9628,10.4953,2168.28,206.5956,0.3599,0.9452
2019-04-08,4.0121,10.329,77900.0,7541.89,11.1771,10.8484,2210.6,203.7727,0.359,0.9521
2019-04-15,4.1049,11.049,79700.0,7213.482,11.3403,10.9981,2242.88,203.9343,0.362,1.0046
2019-04-22,4.1461,11.025,80500.0,7301.446,11.2077,10.8149,2216.65,204.9619,0.3699,1.0194
2019-04-29,4.1203,11.592,80000.0,6901.038,11.2065,10.8837,2216.43,203.6459,0.3677,1.0651
2019-05-06,4.1409,11.622,80400.0,6953.258,11.1048,10.88,2196.32,201.8672,0.3729,1.0682
2019-05-13,3.7855,10.475,73500.0,7016.711,10.5117,10.3652,2079.01,200.5753,0.3601,1.0106
2019-05-20,3.6516,10.01,70900.0,7082.815,10.4065,10.2951,2055.71,199.678,0.3509,0.9723
2019-05-27,3.4456,9.505,66900.0,7038.447,10.348,10.2428,2044.21,199.5756,0.333,0.928
2019-06-03,3.4302,10.665,66600.0,6244.784,10.467,10.4943,2067.85,197.0457,0.3277,1.0163
2019-06-10,3.4405,11.032,66800.0,6054.848,10.6271,10.6827,2099.49,196.5323,0.3237,1.0327
2019-06-17,3.2808,11.174,63700.0,5700.49,10.5824,10.648,2090.73,196.349,0.31,1.0494
2019-06-24,3.4456,12.253,66900.0,5460.016,10.7654,10.8489,2126.33,195.9948,0.3201,1.1294
2019-07-01,4.9765,13.712,70000.0,5104.858,10.8233,10.9554,2129.74,194.4012,0.4598,1.2516
2019-07-08,4.7917,14.233,67400.0,4735.365,10.4901,10.7243,2064.17,192.4764,0.4568,1.3272
2019-07-15,5.4173,16.309,76200.0,4672.295,10.5831,10.8541,2082.48,191.8603,0.5119,1.5026
2019-07-22,5.5737,16.664,78400.0,4704.646,10.6383,10.965,2093.34,190.9119,0.5239,1.5197
2019-07-29,5.4742,16.053,77000.0,4796.533,10.3138,10.678,2029.48,190.0616,0.5308,1.5034
2019-08-05,5.3604,15.749,75400.0,4787.554,9.8945,10.2678,1946.98,189.6208,0.5418,1.5338
2019-08-12,5.2964,15.237,74500.0,4889.398,10.2336,10.2075,1942.29,190.2803,0.5176,1.4927
2019-08-19,5.3391,15.226,75100.0,4932.507,10.826,10.2623,1939.9,189.0321,0.4932,1.4837
2019-08-26,5.1045,14.412,71800.0,4981.885,10.6944,10.1031,1916.31,189.6759,0.4773,1.4265
2019-09-02,5.5168,15.361,77600.0,5051.613,10.9906,10.3485,1969.19,190.2874,0.502,1.4844
2019-09-09,5.9932,15.917,84300.0,5296.328,11.2717,10.5954,2019.55,190.6061,0.5317,1.5023
2019-09-16,5.6519,14.789,79500.0,5375.695,11.5105,10.7888,2062.22,191.1444,0.491,1.3708
2019-09-23,5.8865,15.227,82800.0,5437.549,11.6773,10.8974,2091.7,191.9457,0.5041,1.3973
2019-09-30,10.2035,14.717,82200.0,5585.425,11.519,10.7201,2063.05,192.4472,0.8858,1.3728
2019-10-07,9.9677,14.521,80300.0,5529.894,11.2951,10.5221,2021.73,192.1406,0.8825,1.38
2019-10-14,9.9925,14.342,80500.0,5612.715,11.55,10.8045,2067.4,191.3454,0.8652,1.3274
2019-10-21,9.6201,13.554,77500.0,5717.688,11.5357,10.8141,2064.84,190.9388,0.8339,1.2534
2019-10-28,10.2904,14.017,82900.0,5914.233,11.6964,10.9756,2093.6,190.7497,0.8798,1.2771
2019-11-04,10.5138,13.71,84700.0,6177.769,11.9011,11.1836,2130.24,190.4787,0.8834,1.2259
2019-11-11,10.0918,12.99,81300.0,6258.423,12.9233,11.1144,2124.09,191.1118,0.7809,1.1688
2019-11-18,10.6132,13.435,85500.0,6363.915,13.9611,11.3507,2160.69,190.3577,0.7602,1.1836
2019-11-25,10.1415,13.117,81700.0,6228.743,13.7208,11.0974,2123.5,191.351,0.7391,1.182
2019-12-02,9.9925,12.72,80500.0,6328.425,13.5169,10.8874,2091.92,192.1421,0.7393,1.1683
2019-12-09,10.0173,12.517,80700.0,6447.045,13.4958,10.8569,2088.65,192.3793,0.7423,1.1529
2019-12-16,10.998,13.653,88600.0,6489.59,14.0095,11.2635,2168.15,192.4933,0.785,1.2121
2019-12-23,11.7427,13.788,94600.0,6861.113,14.2393,11.351,2203.71,194.1424,0.8247,1.2147
2019-12-30,32.0729,13.555,94100.0,6942.266,14.194,11.2408,2197.67,195.5085,2.2596,1.2059
2020-01-06,32.141,13.226,94300.0,7129.74,13.9189,10.9895,2155.07,196.1024,2.3092,1.2035
2020-01-13,34.2542,13.807,100500.0,7278.72,14.3981,11.3006,2229.26,197.2688,2.3791,1.2218
2020-01-20,34.0497,13.466,99900.0,7418.686,14.6137,11.4524,2262.64,197.5698,2.33,1.1758
2020-01-27,33.6407,13.179,98700.0,7571.902,14.507,11.2431,2246.13,199.7777,2.3189,1.1722
2020-02-03,32.2774,12.285,94700.0,7708.835,13.6951,10.6167,2118.88,199.5794,2.3569,1.1571
2020-02-10,33.6748,12.532,98800.0,7883.917,16.5876,11.0364,2201.07,199.437,2.0301,1.1355
2020-02-17,35.788,13.031,105000.0,8057.702,17.3997,11.2594,2242.17,199.138,2.0568,1.1573
2020-02-24,33.9134,12.204,99500.0,8153.269,16.811,10.4692,2079.04,198.5864,2.0173,1.1657
2020-03-02,31.3912,11.13,92100.0,8274.789,16.4667,10.0953,2002.51,198.3599,1.9063,1.1025
2020-03-09,29.6188,10.287,86900.0,8447.227,16.1064,9.8396,1954.77,198.6633,1.8389,1.0455
2020-03-16,27.4716,9.663,80600.0,8340.997,13.8099,8.7468,1714.86,196.0568,1.9893,1.1047
2020-03-23,23.6542,8.339,69400.0,8321.859,12.2458,7.7053,1482.46,192.3954,1.9316,1.0822
2020-03-30,28.5282,10.004,83700.0,8367.066,14.3047,9.1098,1717.12,188.4906,1.9943,1.0982
2020-04-06,36.9836,10.152,83100.0,8185.207,14.8631,9.7883,1791.88,183.0638,2.4883,1.0372
2020-04-13,36.227,10.033,81400.0,8112.872,15.1502,10.1856,1825.76,179.2493,2.3912,0.985
2020-04-20,36.494,10.145,82000.0,8082.536,15.7534,10.7055,1898.36,177.3249,2.3166,0.9476
2020-04-27,36.7611,10.106,82600.0,8173.174,15.9594,10.9174,1922.77,176.12,2.3034,0.9257
2020-05-04,36.049,9.887,81000.0,8192.714,15.732,10.7707,1895.37,175.9742,2.2914,0.918
2020-05-11,37.6066,10.109,84500.0,8358.935,16.9131,11.0242,1935.4,175.5588,2.2235,0.917
2020-05-18,36.0935,9.582,81100.0,8463.366,18.9204,10.9878,1937.11,176.2957,1.9076,0.8721
2020-05-25,36.227,9.566,81400.0,8508.995,19.492,11.2927,1994.6,176.628,1.8586,0.8471
2020-06-01,37.2061,9.81,83600.0,8521.971,20.1892,11.6467,2065.08,177.3105,1.8429,0.8423
2020-06-08,40.4995,10.498,91000.0,8668.723,21.3436,12.279,2184.29,177.8878,1.8975,0.855
2020-06-15,36.494,9.416,82000.0,8708.614,19.8694,11.2282,2030.82,180.868,1.8367,0.8386
2020-06-22,37.7847,9.734,84900.0,8721.683,20.7988,11.6986,2126.73,181.7939,1.8167,0.8321
2020-06-29,37.2061,9.559,83600.0,8746.025,20.4775,11.5049,2093.48,181.9649,1.8169,0.8309
2020-07-06,25.9119,9.882,86000.0,8703.001,21.4025,12.1605,2187.93,179.9211,1.2107,0.8126
2020-07-13,25.008,9.399,83000.0,8830.296,21.3842,12.1162,2186.06,180.4248,1.1695,0.7757
2020-07-20,24.7669,9.254,82200.0,8882.709,21.5029,12.0661,2198.2,182.18,1.1518,0.7669
2020-07-27,24.9477,9.403,82800.0,8805.736,21.6953,12.018,2217.86,184.5456,1.1499,0.7824
2020-08-03,24.6464,9.204,81800.0,8887.574,22.0198,12.2072,2251.04,184.4026,1.1193,0.754
2020-08-10,24.5259,9.059,81400.0,8985.05,23.3437,12.8528,2386.38,185.67,1.0506,0.7048
2020-08-17,24.1643,8.876,80200.0,9062.123,24.8406,12.8504,2407.49,187.3472,0.9728,0.6907
2020-08-24,22.7482,8.445,75500.0,8940.015,24.0427,12.3724,2329.83,188.309,0.9462,0.6826
2020-08-31,22.6277,8.541,75100.0,8792.994,23.996,12.2795,2326.17,189.4349,0.943,0.6955
2020-09-07,23.622,9.171,78400.0,8548.232,24.6021,12.5104,2384.22,190.5785,0.9602,0.7331
2020-09-14,24.1041,9.342,80000.0,8563.517,25.0582,12.581,2427.91,192.9828,0.9619,0.7425
2020-09-21,25.4599,9.903,84500.0,8532.829,24.6654,12.2769,2389.39,194.6249,1.0322,0.8066
2020-09-28,24.8573,9.848,82500.0,8377.22,23.8257,11.7965,2308.08,195.6573,1.0433,0.8348
2020-10-05,19.8903,9.895,83200.0,8408.373,24.3732,11.9817,2358.0,196.8002,0.8161,0.8258
2020-10-12,20.4402,10.288,85500.0,8310.787,24.8458,11.9541,2403.73,201.0806,0.8227,0.8606
2020-10-19,20.727,10.471,86700.0,8280.353,24.2568,11.6939,2346.74,200.6813,0.8545,0.8954
2020-10-26,19.8903,10.12,83200.0,8221.065,24.2267,11.5312,2343.91,203.2667,0.821,0.8776
2020-11-02,19.0297,9.508,79600.0,8372.057,23.7745,11.0824,2300.16,207.5504,0.8004,0.8579
2020-11-09,20.5597,10.219,86000.0,8415.696,20.7889,11.682,2447.2,209.4849,0.989,0.8748
2020-11-16,23.4285,11.526,98000.0,8502.433,23.5913,12.1273,2543.03,209.6942,0.9931,0.9504
2020-11-23,23.9066,11.652,100000.0,8582.047,23.8271,12.2905,2602.59,211.7554,1.0033,0.948
2020-11-30,23.3089,11.334,97500.0,8602.805,23.6133,12.071,2591.34,214.6757,0.9871,0.9389
2020-12-07,28.2098,13.212,118000.0,8931.29,25.0234,12.6942,2745.44,216.2752,1.1273,1.0408
2020-12-14,27.9707,12.759,117000.0,9170.31,25.1754,12.7207,2762.2,217.1425,1.111,1.003
2020-12-21,27.7317,12.41,116000.0,9347.477,25.3254,12.6292,2778.65,220.0186,1.095,0.9826
2020-12-28,27.6121,12.247,115500.0,9431.04,25.5983,12.8038,2808.6,219.3561,1.0787,0.9565
2021-01-04,18.1589,12.937,126000.0,9739.262,26.6512,13.3314,2944.45,220.8658,0.6814,0.9704
2021-01-11,19.1678,12.888,133000.0,10319.868,28.4977,14.1833,3148.45,221.9825,0.6726,0.9087
2021-01-18,18.7354,12.416,130000.0,10470.1,27.2801,13.4416,3013.93,224.2241,0.6868,0.9237
2021-01-25,19.456,12.637,135000.0,10682.949,29.0456,14.2743,3208.99,224.8086,0.6698,0.8853
2021-02-01,18.0148,11.079,125000.0,11283.031,27.6361,13.377,3056.53,228.4918,0.6519,0.8282
2021-02-08,18.0148,10.908,125000.0,11459.967,7.8271,13.461,3091.24,229.6447,2.3016,0.8103
2021-02-15,19.0237,11.392,132000.0,11587.106,8.0531,13.6182,3147.0,231.0877,2.3623,0.8365
2021-02-22,19.6722,11.561,136500.0,11806.727,7.8833,13.2844,3079.75,231.8313,2.4954,0.8703
2021-03-01,20.3928,11.73,141500.0,12111.194,7.7131,12.9238,3012.95,233.1311,2.6439,0.9076
2021-03-08,19.5281,10.711,135500.0,12650.842,23.2888,12.7515,2996.11,234.9614,0.8385,0.84
2021-03-15,19.6722,10.478,136500.0,13027.37,24.62,12.8731,3045.71,236.5951,0.799,0.8139
2021-03-22,19.8884,10.362,138000.0,13317.613,25.5055,12.74,3035.46,238.2616,0.7798,0.8133
2021-03-29,19.0237,9.391,132000.0,14056.059,25.4372,12.5711,3036.04,241.5086,0.7479,0.747
2021-04-05,19.1645,9.919,143000.0,14416.167,26.1686,12.83,3120.83,243.2455,0.7323,0.7731
2021-04-12,18.4274,9.36,137500.0,14690.182,26.2924,12.6465,3135.59,247.9414,0.7009,0.7401
2021-04-19,18.4944,9.238,138000.0,14937.796,26.8227,12.8039,3198.84,249.8332,0.6895,0.7215
2021-04-26,17.6233,8.675,131500.0,15158.322,26.9795,12.677,3217.53,253.8077,0.6532,0.6843
2021-05-03,17.6233,8.248,131500.0,15942.809,26.222,11.9029,3127.2,262.7256,0.6721,0.6929
2021-05-10,17.4222,8.081,130000.0,16087.046,27.2459,12.2199,3249.3,265.9021,0.6394,0.6613
2021-05-17,15.747,7.323,117500.0,16045.816,20.6305,11.6014,3134.52,270.1852,0.7633,0.6312
2021-05-24,16.0151,7.402,119500.0,16145.1,20.6949,11.5992,3144.3,271.0785,0.7739,0.6381
2021-05-31,17.0202,7.815,127000.0,16251.548,21.0952,11.7795,3203.92,271.9905,0.8068,0.6634
2021-06-07,17.2212,7.793,128500.0,16488.944,21.4126,11.8305,3252.12,274.8929,0.8043,0.6587
2021-06-14,17.0202,7.64,127000.0,16622.553,21.4124,11.8058,3252.13,275.4677,0.7949,0.6471
2021-06-21,16.3501,7.281,122000.0,16756.162,21.3132,11.7017,3240.79,276.9513,0.7671,0.6222
2021-06-28,16.8862,7.561,126000.0,16665.113,21.7198,11.8236,3301.89,279.2624,0.7775,0.6395
2021-07-05,14.4745,7.291,123000.0,16871.189,21.3308,11.6776,3293.21,282.0103,0.6786,0.6244
2021-07-12,14.1214,7.059,120000.0,16999.801,21.0281,11.4337,3246.47,283.9393,0.6715,0.6174
2021-07-19,14.0037,6.931,119000.0,17168.199,21.0124,11.3637,3244.04,285.4744,0.6664,0.6099
2021-07-26,13.7684,6.761,117000.0,17304.746,20.8887,11.2226,3224.95,287.3631,0.6591,0.6024
2021-08-02,13.6507,6.848,116000.0,16938.594,20.8763,11.3102,3223.04,284.9679,0.6539,0.6055
2021-08-09,13.6507,6.903,116000.0,16803.411,21.1184,11.5739,3260.42,281.7047,0.6464,0.5964
2021-08-16,11.9444,6.082,101500.0,16716.42,16.581,11.2505,3171.29,281.8789,0.7204,0.5406
2021-08-23,12.1209,6.174,103000.0,16683.745,16.5284,10.9016,3090.21,283.4644,0.7333,0.5663
2021-08-30,12.1797,6.168,103500.0,16780.802,16.8181,11.037,3144.19,284.8762,0.7242,0.5588
2021-09-06,12.4739,6.397,106000.0,16570.045,17.1369,11.2458,3203.33,284.8456,0.7279,0.5688
2021-09-13,12.5328,6.392,106500.0,16660.313,16.7333,10.9363,3127.86,286.0066,0.749,0.5845
2021-09-20,12.5916,6.483,107000.0,16527.396,16.8001,11.0238,3140.51,284.8842,0.7495,0.5881
2021-09-27,12.2974,6.296,104500.0,16596.706,16.7632,11.0556,3133.64,283.4429,0.7336,0.5695
2021-10-04,8.5268,6.154,100000.0,16268.116,16.0455,10.6439,3019.18,283.6533,0.5314,0.5782
2021-10-11,8.0152,5.932,94000.0,15862.789,15.7127,10.412,2956.3,283.9329,0.5101,0.5697
2021-10-18,8.2795,6.293,97100.0,15430.369,15.9804,10.6586,3006.68,282.0904,0.5181,0.5904
2021-10-25,8.5268,6.57,100000.0,15220.241,16.0541,10.7066,3020.54,282.1197,0.5311,0.6136
2021-11-01,9.081,7.478,106500.0,14242.467,15.833,10.552,2978.94,282.3108,0.5735,0.7087
2021-11-08,9.1663,7.536,107500.0,14265.213,15.7334,10.5041,2960.2,281.8135,0.5826,0.7174
2021-11-15,9.4647,7.768,111000.0,14289.186,14.6054,10.6562,2999.52,281.4807,0.648,0.729
2021-11-22,10.1895,8.344,119500.0,14322.377,14.674,10.6973,3013.25,281.6829,0.6944,0.78
2021-11-29,9.8911,8.09,116000.0,14338.244,14.1681,10.4031,2909.32,279.6596,0.6981,0.7777
2021-12-06,10.1043,8.105,118500.0,14620.966,14.4786,10.6042,2973.25,280.3834,0.6979,0.7643
2021-12-13,10.3601,8.299,121500.0,14639.953,14.62,10.6959,3001.66,280.6361,0.7086,0.7759
2021-12-20,10.2748,8.087,120500.0,14899.706,14.4321,10.5069,2963.0,282.0057,0.7119,0.7697
2021-12-27,10.7438,8.427,126000.0,14952.662,14.6101,10.6737,2999.55,281.0235,0.7354,0.7895
2022-01-03,9.1938,8.528,128500.0,15067.826,14.5572,10.5901,2988.77,282.2223,0.6316,0.8053
2022-01-10,8.9076,8.002,124500.0,15557.841,14.255,10.2731,2926.72,284.8925,0.6249,0.7789
2022-01-17,9.0865,8.051,127000.0,15775.25,14.0766,10.1127,2890.1,285.7901,0.6455,0.7961
2022-01-24,8.5141,7.519,119000.0,15825.902,13.5988,9.7984,2792.0,284.945,0.6261,0.7674
2022-01-31,8.6214,7.38,120500.0,16339.254,12.9776,9.9224,2663.34,268.4172,0.6643,0.7438
2022-02-07,8.8003,7.028,123000.0,17500.585,13.3758,10.138,2745.06,270.7701,0.6579,0.6932
2022-02-14,9.48,7.462,132500.0,17755.982,10.2888,10.0427,2704.48,269.2979,0.9214,0.743
2022-02-21,9.3011,7.164,130000.0,18147.066,10.4693,10.1485,2743.8,270.3646,0.8884,0.7059
2022-02-28,8.836,6.787,123500.0,18196.098,10.3962,10.1328,2699.18,266.3792,0.8499,0.6698
2022-03-07,8.5499,6.514,119500.0,18346.388,11.3228,9.944,2651.31,266.6234,0.7551,0.6551
2022-03-14,8.2994,6.333,116000.0,18317.167,11.5058,9.9154,2645.65,266.8211,0.7213,0.6387
2022-03-21,8.7287,6.473,122000.0,18846.091,12.0205,9.9645,2686.05,269.5622,0.7262,0.6496
2022-03-28,8.4425,6.196,118000.0,19044.918,12.3181,10.0549,2729.56,271.4649,0.6854,0.6162
2022-04-04,7.5911,6.13,117000.0,19085.559,12.464,10.1263,2757.9,272.3513,0.609,0.6054
2022-04-11,7.2342,5.826,111500.0,19137.526,12.1722,9.8144,2693.1,274.4017,0.5943,0.5936
2022-04-18,7.072,5.675,109000.0,19205.551,12.1755,9.8326,2693.21,273.9066,0.5808,0.5772
2022-04-25,7.0071,5.628,108000.0,19189.906,12.0124,9.6825,2657.13,274.4249,0.5833,0.5813
2022-05-02,7.1693,5.957,110500.0,18549.93,12.1495,9.7266,2687.45,276.3,0.5901,0.6124
2022-05-09,6.9747,5.759,107500.0,18664.953,11.803,9.4236,2610.81,277.0516,0.5909,0.6111
2022-05-16,7.1693,5.919,110500.0,18669.036,12.0863,9.6505,2596.58,269.0611,0.5932,0.6133
2022-05-23,7.3315,6.08,113000.0,18585.57,12.3228,9.8134,2647.38,269.7709,0.595,0.6196
2022-05-30,6.9423,5.756,107000.0,18589.155,12.4265,9.8694,2669.66,270.4977,0.5587,0.5832
2022-06-06,6.9423,5.744,107000.0,18642.129,12.4353,9.8359,2670.65,271.52,0.5583,0.584
2022-06-13,6.4232,5.338,99000.0,18547.761,11.6633,9.1904,2504.51,272.5148,0.5507,0.5808
2022-06-20,6.1312,5.213,94500.0,18128.865,11.1339,8.8076,2391.03,271.473,0.5507,0.5919
2022-06-27,6.1637,5.435,95000.0,17478.766,11.1846,8.9186,2401.92,269.3154,0.5511,0.6094
2022-07-04,5.3338,5.35,89100.0,16654.41,10.7111,8.5981,2300.34,267.5396,0.498,0.6222
2022-07-11,5.6091,5.735,93700.0,16338.504,10.8971,8.8306,2340.27,265.0176,0.5147,0.6494
2022-07-18,6.0461,6.214,101000.0,16253.832,11.06,8.9831,2375.25,264.4123,0.5467,0.6917
2022-07-25,5.9863,6.247,100000.0,16006.965,11.1924,9.0223,2403.69,266.4161,0.5349,0.6924
2022-08-01,5.8127,7.024,97100.0,13824.612,11.4185,9.3326,2452.25,262.7613,0.5091,0.7526
2022-08-08,5.7648,7.136,96300.0,13495.706,11.6087,9.5055,2493.1,262.2802,0.4966,0.7507
2022-08-15,5.5852,6.968,93300.0,13385.934,11.8438,9.6624,2527.94,261.6271,0.4716,0.7211
2022-08-22,5.6989,7.279,95200.0,13079.178,11.1157,9.4599,2462.5,260.3091,0.5127,0.7695
2022-08-29,5.5373,7.173,92500.0,12896.266,10.955,9.3208,2426.89,260.3737,0.5055,0.7696
2022-09-05,5.4535,7.336,91100.0,12417.394,10.8548,9.2744,2403.68,259.1733,0.5024,0.791
2022-09-12,5.4116,7.415,90400.0,11973.723,10.7803,9.1948,2384.28,259.308,0.502,0.8064
2022-09-19,5.3877,7.865,90000.0,11442.628,10.6547,9.1767,2355.66,256.7011,0.5057,0.8571
2022-09-26,4.9387,8.142,82500.0,10132.939,10.0467,8.7625,2220.94,253.4586,0.4916,0.9292
2022-10-03,6.1524,9.785,83100.0,8439.2,9.752,8.6973,2155.49,247.8357,0.6309,1.1251
2022-10-10,6.7521,11.058,91200.0,8224.833,10.1019,9.1984,2232.84,242.7432,0.6684,1.2022
2022-10-17,7.0483,12.087,95200.0,7876.403,10.0425,9.2231,2219.71,240.6685,0.7018,1.3105
2022-10-24,6.7966,13.668,91800.0,6716.404,10.117,9.4197,2236.16,237.3915,0.6718,1.451
2022-10-31,6.1228,32.196,82700.0,2568.676,10.3769,10.1638,2293.61,225.6639,0.59,3.1677
2022-11-07,6.4042,44.52,86500.0,1942.934,10.7306,10.619,2371.79,223.3539,0.5968,4.1925
2022-11-14,6.7299,51.052,90900.0,1780.544,12.3082,11.1713,2474.65,221.5175,0.5468,4.5699
2022-11-21,6.3894,58.426,86300.0,1477.079,12.0378,11.0219,2419.5,219.518,0.5308,5.3009
2022-11-28,6.1524,74.968,83100.0,1108.48,11.982,10.939,2408.27,220.1544,0.5135,6.8533
2022-12-05,5.997,374.422,81000.0,216.333,12.0376,11.0137,2419.32,219.6651,0.4982,33.996
2022-12-12,6.0044,444.457,81100.0,-564.361,11.808,10.8705,2373.02,218.2987,0.5085,40.8865
2022-12-19,5.8489,,79000.0,-1491.165,11.7099,10.8479,2352.17,216.8314,0.4995,
2022-12-26,5.7008,,77000.0,-1972.413,11.5354,10.8464,2317.14,213.6326,0.4942,
2023-01-02,23.1991,,75700.0,-2283.701,11.0969,10.4922,2225.67,212.1257,2.0906,
2023-01-09,26.3556,,86000.0,-2685.519,11.7177,11.383,2350.19,206.4642,2.2492,
2023-01-16,26.2943,,85800.0,-3191.362,11.9654,11.7169,2399.86,204.8211,2.1975,
2023-01-23,26.8459,,87600.0,-3258.817,11.9424,11.7434,2395.26,203.9667,2.2479,
2023-01-30,27.796,,90700.0,-3256.528,12.2177,12.0598,2450.47,203.194,2.2751,
2023-02-06,27.3056,,89100.0,-6168.581,12.167,12.426,2438.19,196.2172,2.2442,
2023-02-13,27.7653,,90600.0,-5959.14,12.2395,12.241,2452.7,200.3678,2.2685,
2023-02-20,28.3476,,92500.0,-5710.332,11.4862,12.2395,2455.12,200.5891,2.468,
2023-02-27,27.5814,,90000.0,-5583.747,11.2903,11.9017,2402.64,201.8738,2.4429,
2023-03-06,27.4895,,89700.0,-5426.464,11.5409,12.1287,2462.62,203.0415,2.3819,
2023-03-13,25.8346,,84300.0,-5548.851,11.7143,11.8311,2410.6,203.7518,2.2054,
2023-03-20,25.6507,,83700.0,-6845.997,11.9469,11.8179,2379.2,201.3221,2.1471,
2023-03-27,26.2024,,85500.0,-7221.762,12.2858,12.0224,2409.22,200.3938,2.1327,
2023-04-03,27.2137,,87200.0,-7629.704,12.5841,12.4047,2472.34,199.3067,2.1625,
2023-04-10,,,90700.0,-7580.233,12.8039,12.6985,2512.08,197.825,,
2023-04-17,,,88500.0,-7426.459,13.1292,12.9735,2575.91,198.551,,
2023-04-24,,,87200.0,-7333.614,12.8621,12.6535,2523.5,199.4313,,
2023-05-01,,,89500.0,-6840.039,12.7476,12.2875,2501.53,203.5835,,
2023-05-08,,,88700.0,-6539.161,12.8072,12.3095,2513.21,204.1687,,
2023-05-15,,,86400.0,-6279.834,14.6225,12.3344,2479.35,201.011,,
2023-05-22,,,98200.0,-6093.011,15.078,12.584,2557.08,203.2015,,
2023-05-29,,,109200.0,-5643.462,15.0879,12.4157,2558.81,206.0943,,
2023-06-05,,,108700.0,-5134.446,15.4217,12.6151,2615.41,207.3232,,
2023-06-12,,,114800.0,-4938.703,15.5061,12.5338,2629.35,209.7803,,
2023-06-19,,,114800.0,-4427.503,15.3845,12.3343,2609.5,211.5643,,
2023-06-26,,,113500.0,-3919.461,15.2264,12.1047,2582.2,213.3214,,
2023-07-03,,,117600.0,-3211.528,15.4269,12.1298,2602.47,214.5526,,
2023-07-10,,,110300.0,-2704.858,14.9422,11.57,2520.7,217.8654,,
2023-07-17,,,117200.0,-2442.906,15.5249,11.8914,2619.0,220.2423,,
2023-07-24,,,114000.0,-2135.435,15.5813,11.8459,2628.53,221.894,,
2023-07-31,,,123400.0,-513.085,15.6054,11.7219,2632.58,224.5869,,
2023-08-07,,,121900.0,-279.631,15.2979,11.4027,2580.71,226.3254,,
2023-08-14,,2294.15,114900.0,50.084,18.3166,11.2836,2570.87,227.8404,,203.3172
2023-08-21,,308.311,116400.0,377.541,18.0103,10.8646,2508.8,230.9155,,28.3776
2023-08-28,,148.209,115900.0,782.003,18.2588,10.9077,2543.41,233.1754,,13.5876
2023-09-04,,107.184,119200.0,1112.103,18.5602,11.012,2584.55,234.703,,9.7334
2023-09-11,,79.769,115900.0,1452.948,18.3475,10.815,2556.88,236.4188,,7.3758
2023-09-18,,63.486,119000.0,1874.442,18.4708,10.87,2574.72,236.8645,,5.8405
2023-09-25,,46.121,117000.0,2536.806,17.8952,10.4808,2495.76,238.1268,,4.4005
2023-10-02,,42.864,114700.0,2881.231,17.7866,10.2901,2465.07,239.5576,,4.1656
2023-10-09,,37.911,120400.0,3243.395,17.3801,10.0158,2408.73,240.493,,3.7851
2023-10-16,,33.908,124100.0,3659.931,17.5786,10.1907,2436.24,239.0644,,3.3273
2023-10-23,,30.084,124000.0,4121.785,17.0069,9.8077,2357.02,240.3228,,3.0674
2023-10-30,,26.894,119100.0,4428.457,16.6716,9.6731,2310.55,238.8637,,2.7803
2023-11-06,,27.508,133000.0,4834.994,18.0557,10.4396,2502.37,239.7005,,2.635
2023-11-13,,25.47,131800.0,5174.767,16.0117,10.0405,2403.76,239.4063,,2.5367
2023-11-20,,23.553,131400.0,5578.935,17.6539,10.2621,2491.2,242.757,,2.2951
2023-11-27,,21.994,130700.0,5942.562,17.6787,10.2196,2495.66,244.2035,,2.1521
2023-12-04,,20.27,131100.0,6467.729,17.8202,10.2014,2514.95,246.531,,1.987
2023-12-11,,18.211,128900.0,7078.182,17.8945,10.1817,2525.36,248.0288,,1.7886
2023-12-18,,18.054,140000.0,7754.67,18.1885,10.301,2566.86,249.1848,,1.7526
2023-12-25,,17.164,140600.0,8269.428,18.4205,10.373,2599.51,250.6043,,1.6547
2024-01-01,,16.658,141500.0,8700.331,18.9842,10.5509,2655.28,251.6645,,1.5788
2024-01-08,,14.987,136000.0,9074.494,18.3589,10.1325,2567.82,253.4244,,1.4791
2024-01-15,,14.339,134100.0,9352.118,18.0598,10.0025,2525.99,252.5347,,1.4335
2024-01-22,,14.699,142600.0,9701.016,17.6191,9.8098,2464.35,251.2129,,1.4984
2024-01-29,,11.791,135000.0,11449.119,17.8786,9.9529,2500.65,251.2492,,1.1847
2024-02-05,,11.43,132300.0,11574.455,18.5287,10.4138,2591.31,248.8336,,1.0976
2024-02-12,,12.205,142800.0,11778.988,18.7432,10.5408,2620.32,248.5875,,1.1579
2024-02-19,,12.684,151300.0,11928.127,19.1747,10.7082,2680.26,250.2992,,1.1845
2024-02-26,,12.951,161800.0,12492.92,18.9326,10.494,2647.08,252.246,,1.2341
2024-03-04,,13.09,166500.0,12719.202,19.1273,10.5838,2674.27,252.6754,,1.2368
2024-03-11,,12.577,166600.0,13246.651,18.455,10.4446,2659.84,254.661,,1.2042
2024-03-18,,12.111,164300.0,13565.956,18.8378,10.4713,2685.84,256.4951,,1.1566
2024-03-25,,12.061,169400.0,14045.592,19.5507,10.6308,2737.57,257.5135,,1.1345
2024-04-01,,12.632,185500.0,14684.854,19.711,10.6507,2747.86,257.9988,,1.186
2024-04-08,,11.677,181200.0,15517.151,19.5262,10.4569,2717.65,259.8905,,1.1167
2024-04-15,,10.844,188200.0,17355.456,19.1914,10.2187,2670.43,261.3289,,1.0612
2024-04-22,,9.501,171600.0,18060.811,18.8969,9.9958,2629.44,263.0539,,0.9505
2024-04-29,,7.95,175900.0,22126.461,19.3137,9.9741,2687.44,269.4419,,0.7971
2024-05-06,,7.791,173200.0,22284.619,19.236,9.7712,2676.63,273.9295,,0.7973
2024-05-13,,8.019,183800.0,22920.674,16.4007,9.8898,2727.21,275.759,,0.8108
2024-05-20,,8.052,190100.0,23608.171,16.0165,9.8822,2742.14,277.4817,,0.8148
2024-05-27,,8.325,201500.0,24203.595,15.9496,9.8059,2722.99,277.6899,,0.849
2024-06-03,,7.975,194200.0,24351.075,15.7157,9.6187,2682.52,278.8866,,0.8291
2024-06-10,,8.224,208000.0,25292.75,15.8283,9.682,2701.17,278.988,,0.8494
2024-06-17,,8.575,223000.0,26004.878,16.0843,9.7528,2744.1,281.3644,,0.8792
2024-06-24,,8.3,223000.0,26866.409,16.2065,9.7713,2764.73,282.9441,,0.8494
2024-07-01,64.5843,8.431,235500.0,27931.261,16.3763,9.8232,2804.31,285.4797,3.9438,0.8583
2024-07-08,64.0358,8.075,233500.0,28917.997,16.6884,9.8373,2857.76,290.5028,3.8371,0.8209
2024-07-15,63.076,7.701,230000.0,29868.119,16.7069,9.7675,2860.92,292.9021,3.7754,0.7884
2024-07-22,56.2199,6.791,205000.0,30184.964,16.138,9.4046,2763.51,293.8456,3.4837,0.7221
2024-07-29,53.642,5.959,195600.0,32822.692,16.1498,9.2895,2765.53,297.7042,3.3215,0.6415
2024-08-05,42.8094,4.72,156100.0,33071.776,14.2579,8.133,2441.55,300.2028,3.0025,0.5804
2024-08-12,48.5411,5.26,177000.0,33647.164,8.4874,8.6877,2618.3,301.3802,5.7192,0.6055
2024-08-19,53.1758,5.683,193900.0,34120.907,13.6146,8.786,2674.36,304.3883,3.9058,0.6468
2024-08-26,49.2541,5.196,179600.0,34562.069,13.7364,8.8047,2698.01,306.4288,3.5857,0.5901
2024-09-02,47.7183,5.054,174000.0,34425.302,13.6512,8.7246,2681.0,307.2924,3.4955,0.5793
2024-09-09,43.0562,4.515,157000.0,34769.74,12.9198,8.2252,2535.93,308.3141,3.3326,0.5489
2024-09-16,44.6468,4.67,162800.0,34569.496,13.12,8.4367,2575.41,305.2614,3.403,0.5535
2024-09-23,44.4274,4.73,162000.0,34246.701,13.2448,8.5305,2602.01,305.0251,3.3543,0.5545
2024-09-30,11.5264,5.129,174600.0,34040.922,13.2007,8.5322,2593.27,303.9389,0.8732,0.6011
2024-10-07,12.2064,5.384,184900.0,34344.258,13.2619,8.5946,2610.38,303.7249,0.9204,0.6264
2024-10-14,12.378,5.45,187500.0,34401.973,13.3275,8.7055,2623.29,301.3367,0.9288,0.626
2024-10-21,12.6025,5.508,190900.0,34655.809,13.2353,8.6435,2604.92,301.3744,0.9522,0.6372
2024-10-28,12.9392,5.524,196000.0,35482.024,13.2735,8.6596,2612.43,301.6799,0.9748,0.6379
2024-11-04,12.8071,5.422,194000.0,35780.83,13.1543,8.6868,2588.97,298.0362,0.9736,0.6242
2024-11-11,12.7147,5.346,192600.0,36027.648,12.1399,8.5339,2531.66,296.6587,1.0473,0.6264
2024-11-18,11.335,4.724,171700.0,36349.382,11.5897,8.3029,2469.07,297.3757,0.978,0.569
2024-11-25,11.6848,4.818,177000.0,36739.528,11.9349,8.4954,2534.34,298.3179,0.979,0.5671
2024-12-02,10.4834,4.347,158800.0,36527.107,11.5613,8.2249,2454.48,298.4191,0.9068,0.5285
2024-12-09,11.1501,4.625,168900.0,36516.041,11.1294,7.9097,2360.58,298.4429,1.0019,0.5847
2024-12-16,11.8367,4.951,179300.0,36213.083,11.7372,8.3492,2488.97,298.1094,1.0085,0.593
2024-12-23,11.1963,4.71,169600.0,36007.786,11.5176,8.2119,2442.01,297.3746,0.9721,0.5736
2024-12-30,6.0537,4.807,173900.0,36172.967,11.3171,8.0704,2399.49,297.32,0.5349,0.5956
2025-01-06,6.9553,5.527,199800.0,36152.787,11.6966,8.4487,2488.64,294.5573,0.5946,0.6542
2025-01-13,6.7638,5.435,194300.0,35747.413,11.7008,8.5322,2489.56,291.7856,0.5781,0.637
2025-01-20,7.38,5.982,212000.0,35439.329,11.844,8.6571,2520.05,291.095,0.6231,0.691
2025-01-27,7.6933,6.162,221000.0,35775.744,11.9228,8.7534,2536.8,289.8069,0.6453,0.704
2025-02-03,6.6455,5.38,190900.0,35485.544,11.5336,8.5921,2453.95,285.6042,0.5762,0.6262
2025-02-10,6.8961,5.465,198100.0,36250.067,11.8616,8.8496,2521.27,284.9031,0.5814,0.6175
2025-02-17,7.38,5.858,212000.0,36189.308,12.2808,9.1943,2610.42,283.9174,0.6009,0.6371
2025-02-24,7.1363,5.644,205000.0,36321.607,12.4448,9.2983,2645.27,284.4904,0.5734,0.607
2025-03-03,6.6211,5.195,190200.0,36866.388,11.781,8.8738,2532.78,285.422,0.562,0.5854
2025-03-10,6.541,5.082,187900.0,36973.084,12.1931,8.972,2570.39,286.4891,0.5365,0.5664
2025-03-17,7.1711,5.504,206000.0,37427.959,12.5261,9.0816,2610.69,287.4706,0.5725,0.6061
2025-03-24,7.3626,5.581,211500.0,37893.916,12.9636,9.1197,2632.07,288.6129,0.5679,0.612
2025-03-31,5.0591,4.97,190700.0,38368.854,12.2334,8.5405,2481.12,290.5119,0.4135,0.5819
2025-04-07,4.372,4.205,164800.0,39193.66,11.4172,7.969,2328.2,292.1562,0.3829,0.5277
2025-04-14,4.7806,4.596,180200.0,39210.975,12.0455,8.4431,2455.89,290.8745,0.3969,0.5443
2025-04-21,4.685,4.406,176600.0,40084.329,12.2092,8.5605,2488.42,290.6861,0.3837,0.5147
2025-04-28,4.8283,4.238,182000.0,42940.232,12.5057,8.6696,2548.86,294.0008,0.3861,0.4888
2025-05-05,4.9344,4.328,186000.0,43001.578,12.5593,8.6741,2559.79,295.1065,0.3929,0.499
2025-05-12,5.1732,4.525,195000.0,43097.054,11.4198,8.8265,2607.33,295.3966,0.453,0.5127
2025-05-19,5.2899,4.632,199400.0,43049.754,12.0154,8.8042,2603.42,295.7011,0.4403,0.5261
2025-05-26,5.3854,4.708,203000.0,43118.818,12.2117,8.8919,2644.4,297.3935,0.441,0.5295
2025-06-02,5.5048,4.779,207500.0,43414.835,12.464,9.059,2698.97,297.931,0.4417,0.5275
2025-06-09,6.0752,5.266,229000.0,43484.25,13.1881,9.5759,2855.77,298.2252,0.4607,0.5499
2025-06-16,6.5792,5.642,248000.0,43958.396,13.6227,9.8645,2946.66,298.7136,0.483,0.5719
2025-06-23,6.8843,5.799,259500.0,44752.298,13.9376,10.0626,3014.47,299.5707,0.4939,0.5763
2025-06-30,6.9779,6.418,292000.0,45499.507,14.2138,10.239,3071.7,300.0,0.4909,0.6268
2025-07-07,6.4761,5.944,271000.0,45594.482,14.0935,10.1981,3059.47,300.0032,0.4595,0.5829
2025-07-14,7.1691,6.521,300000.0,46004.047,14.7526,10.6616,3202.03,300.3343,0.486,0.6116
2025-07-21,6.5119,5.895,272500.0,46222.083,14.793,10.6995,3210.81,300.0888,0.4402,0.551
2025-07-28,6.261,5.614,262000.0,46668.39,14.7871,10.6162,3209.52,302.3236,0.4234,0.5288
2025-08-04,6.1654,5.524,258000.0,46704.677,14.5025,10.4366,3147.75,301.6074,0.4251,0.5293
2025-08-11,6.3805,5.647,267000.0,47284.018,14.426,10.5802,3206.77,303.0925,0.4423,0.5337
2025-08-18,6.3924,5.644,267500.0,47395.386,14.9267,10.4552,3177.28,303.8949,0.4283,0.5398
2025-08-25,6.2013,5.455,259500.0,47567.7,15.0798,10.5459,3209.86,304.3703,0.4112,0.5173
2025-09-01,6.1176,5.366,256000.0,47707.419,14.7756,10.2892,3142.93,305.4597,0.414,0.5215
2025-09-08,6.6195,5.771,277000.0,47997.527,15.136,10.516,3219.59,306.1611,0.4373,0.5488
2025-09-15,7.9099,6.764,331000.0,48935.036,16.0201,11.0603,3407.31,308.0671,0.4937,0.6116
2025-09-22,8.3878,6.875,351000.0,51056.867,16.3107,11.0792,3468.65,313.079,0.5143,0.6205
2025-09-29,8.34,6.613,349000.0,52776.472,16.1346,10.7837,3431.21,318.185,0.5169,0.6132
2025-10-06,7.6433,7.454,395500.0,53138.395,16.6335,11.069,3549.21,320.6438,0.4595,0.6734
2025-10-13,8.1845,7.659,423500.0,55292.518,16.7992,11.0092,3584.55,325.5961,0.4872,0.6957
2025-10-20,9.4696,8.5,490000.0,57648.502,17.8777,11.4988,3814.69,331.7466,0.5297,0.7392
2025-10-27,10.6872,8.969,553000.0,61660.028,18.9598,11.9471,4042.83,338.3954,0.5637,0.7507
2025-11-03,12.1559,8.378,629000.0,75078.897,19.7994,11.6173,4221.87,363.4135,0.614,0.7212
2025-11-10,11.8274,8.026,612000.0,76256.68,17.0117,11.0359,4073.24,369.0891,0.6953,0.7273
2025-11-17,11.5375,7.735,597000.0,77178.23,17.7012,10.9156,4089.25,374.6252,0.6518,0.7086
2025-11-24,10.0494,6.638,520000.0,78332.113,16.6582,10.1507,3846.06,378.8975,0.6033,0.6539
2025-12-01,10.3973,6.73,538000.0,79946.328,16.9752,10.1578,3920.37,385.9452,0.6125,0.6625
2025-12-08,11.093,6.889,574000.0,83321.22,17.9845,10.4566,4154.85,397.3405,0.6168,0.6588
2025-12-15,10.7065,6.302,554000.0,87901.918,17.7231,10.0602,4090.59,406.6106,0.6041,0.6264
2025-12-22,11.2089,6.548,580000.0,88569.931,17.7912,10.0146,4105.93,409.995,0.63,0.6538
2025-12-29,12.2719,7.039,635000.0,90206.184,18.2879,10.1507,4220.56,415.7886,0.671,0.6934
2026-01-05,11.2933,7.102,700000.0,98558.005,19.294,10.2937,4457.52,433.0351,0.5853,0.6899
2026-01-12,12.0193,7.218,745000.0,103214.157,20.0192,10.1196,4624.79,457.0145,0.6004,0.7133
2026-01-19,12.2129,6.611,757000.0,114503.122,21.2309,10.3917,4904.66,471.9799,0.5752,0.6362
2026-01-26,11.9387,6.247,740000.0,118457.927,21.4253,10.2587,4949.59,482.4751,0.5572,0.6089
2026-02-02,13.552,5.488,840000.0,153058.652,21.4239,8.955,4949.67,552.724,0.6326,0.6128
2026-02-09,14.0199,5.599,869000.0,155212.527,22.9317,9.4779,5298.04,558.9864,0.6114,0.5907
2026-02-16,14.2941,5.572,886000.0,159259.168,20.1043,9.6301,5507.01,571.8547,0.711,0.5786
2026-02-23,15.4235,5.876,956000.0,162697.44,21.1958,10.0267,5846.09,583.0535,0.7277,0.586
2026-03-02,17.1497,6.262,1063000.0,172198.509,22.7693,10.1301,6244.13,616.3911,0.7532,0.6182
2026-03-09,13.4068,4.657,831000.0,178422.134,19.6239,8.3354,5251.87,630.0672,0.6832,0.5587
2026-03-16,15.7623,5.189,977000.0,188298.561,20.594,8.6111,5549.85,644.4985,0.7654,0.6026
2026-03-23,15.0524,4.651,933000.0,200585.875,20.3669,8.1035,5405.75,667.0869,0.7391,0.5739
2026-03-30,14.1489,4.325,877000.0,202796.723,19.8915,7.8124,5277.3,675.4993,0.7113,0.5536
2026-04-06,8.3797,4.206,900000.0,213979.293,20.594,7.777,5450.33,700.8259,0.4069,0.5408
2026-04-13,9.6087,4.318,1032000.0,239008.471,21.967,7.4682,5808.62,777.7826,0.4374,0.5782
2026-04-20,10.8936,4.504,1170000.0,259745.12,23.5193,7.6445,6219.09,813.5351,0.4632,0.5892
2026-04-27,12.1133,4.286,1301000.0,303536.081,25.0313,7.6607,6615.03,863.4966,0.4839,0.5595
2026-05-04,13.3889,4.547,1438000.0,316285.247,26.2496,7.4919,6936.99,925.9362,0.5101,0.6069
2026-05-11,17.765,5.911,1908000.0,322775.386,29.5994,8.2872,7822.24,943.8886,0.6002,0.7133
2026-05-18,17.1318,5.631,1840000.0,326748.627,20.6115,7.7385,7516.04,971.2589,0.8312,0.7277
2026-05-25,18.0722,5.858,1941000.0,332255.5,21.5212,7.9319,7847.71,989.3832,0.8397,0.7385
2026-06-01,22.141,7.009,2378000.0,339296.508,24.1022,8.6993,8788.38,1010.2381,0.9186,0.8057
2026-06-08,18.4167,5.677,1978000.0,348430.304,20.5264,7.2765,7484.41,1028.5709,0.8972,0.7802
2026-06-15,21.601,6.572,2320000.0,353034.35,23.4561,8.1814,8545.98,1044.5563,0.9209,0.8033
2026-06-22,27.5506,8.071,2959000.0,366600.295,25.0161,8.5208,9114.55,1069.6846,1.1013,0.9472
2026-06-29,24.4128,6.9,2622000.0,379983.028,23.0403,7.6725,8394.65,1094.1239,1.0596,0.8993
2026-07-06,10.2313,5.941,2347000.0,395055.379,22.1205,7.1456,8051.33,1126.7582,0.4625,0.8314
2026-07-13,7.9688,4.463,1828000.0,409585.771,18.7029,5.8728,6806.93,1159.0634,0.4261,0.7599
2026-07-20,8.0255,4.466,1841000.0,412184.212,17.9043,5.5932,6516.27,1165.0415,0.4482,0.7985
2026-07-27,7.9296,4.382,1819000.0,415129.571,18.5623,5.7353,6755.75,1177.9321,0.4272,0.764
2026-08-03,6.6305,3.605,1521000.0,421956.152,17.1932,5.1696,6257.45,1210.4311,0.3856,0.6973
2026-08-10,6.1815,3.326,1418000.0,426279.762,17.3091,5.1449,6299.66,1224.4544,0.3571,0.6465
2026-08-17,7.267,3.893,1667000.0,428765.422,12.6564,5.6235,6977.94,1240.8519,0.5742,0.6923
2026-08-24,7.2539,3.93,1664000.0,423393.486,12.1473,5.3488,6696.96,1252.0374,0.5972,0.7347
2026-08-31,7.206,3.864,1653000.0,427820.283,12.3704,5.3943,6820.02,1264.3118,0.5825,0.7163
2026-09-07,7.7901,4.159,1787000.0,429631.742,12.6884,5.5122,6995.39,1269.0739,0.614,0.7545
2026-09-14,7.3978,3.937,1697000.0,431030.381,12.1235,5.2567,6684.37,1271.5849,0.6102,0.7489
2026-09-21,8.1432,4.312,1868000.0,433181.327,12.7101,5.5184,7007.72,1269.8908,0.6407,0.7814
